Application_ID,Country,Visa_Type,Processing_Office,Submission_Date,Processing_Days,Decision_Date
5001,Brazil,Tourist,Mumbai_Office,2024-08-13,22,2024-09-04
5002,UK,Work,Mumbai_Office,2024-06-09,97,2024-09-14
5003,Canada,Tourist,Delhi_Office,2024-04-28,23,2024-05-21
5004,Brazil,Student,Bengaluru_Office,2024-05-28,37,2024-07-04
5005,USA,Student,Mumbai_Office,2024-05-29,30,2024-06-28
5006,Canada,Student,Bengaluru_Office,2024-10-19,42,2024-11-30
5007,Canada,Business,Mumbai_Office,2024-05-22,52,2024-07-13
5008,Brazil,Work,Mumbai_Office,2024-06-08,90,2024-09-06
5009,China,Business,Chennai_Office,2024-01-11,40,2024-02-20
5010,USA,Student,Chennai_Office,2024-05-17,43,2024-06-29
5011,Brazil,Work,Chennai_Office,2024-03-18,85,2024-06-11
5012,USA,Student,Bengaluru_Office,2024-03-17,43,2024-04-29
5013,USA,Business,Delhi_Office,2024-09-10,47,2024-10-27
5014,Canada,Business,Mumbai_Office,2024-09-14,50,2024-11-03
5015,UK,Business,Mumbai_Office,2024-11-15,43,2024-12-28
5016,USA,Student,Mumbai_Office,2024-10-17,41,2024-11-27
5017,Germany,Work,Bengaluru_Office,2024-09-19,85,2024-12-13
5018,Canada,Work,Chennai_Office,2024-03-25,94,2024-06-27
5019,China,Student,Delhi_Office,2024-05-25,36,2024-06-30
5020,UK,Work,Bengaluru_Office,2024-11-18,89,2025-02-15
5021,Germany,Student,Chennai_Office,2024-02-11,34,2024-03-16
5022,Germany,Work,Bengaluru_Office,2024-05-04,85,2024-07-28
5023,China,Tourist,Delhi_Office,2024-06-15,33,2024-07-18
5024,UK,Tourist,Chennai_Office,2024-08-28,29,2024-09-26
5025,Canada,Business,Bengaluru_Office,2024-10-06,50,2024-11-25
5026,India,Tourist,Delhi_Office,2024-07-06,25,2024-07-31
5027,UK,Tourist,Mumbai_Office,2024-10-28,33,2024-11-30
5028,China,Tourist,Delhi_Office,2024-01-19,28,2024-02-16
5029,Germany,Student,Mumbai_Office,2024-03-08,38,2024-04-15
5030,Canada,Tourist,Bengaluru_Office,2024-08-05,27,2024-09-01
5031,UK,Tourist,Chennai_Office,2024-04-11,24,2024-05-05
5032,India,Business,Chennai_Office,2024-02-11,40,2024-03-22
5033,India,Tourist,Bengaluru_Office,2024-10-14,28,2024-11-11
5034,USA,Tourist,Chennai_Office,2024-06-15,20,2024-07-05
5035,USA,Work,Chennai_Office,2024-04-18,92,2024-07-19
5036,Brazil,Business,Mumbai_Office,2024-02-05,44,2024-03-20
5037,China,Business,Bengaluru_Office,2024-08-19,42,2024-09-30
5038,UK,Business,Delhi_Office,2024-08-16,50,2024-10-05
5039,UK,Business,Mumbai_Office,2024-12-18,46,2025-02-02
5040,Brazil,Business,Bengaluru_Office,2024-06-12,46,2024-07-28
5041,Germany,Business,Mumbai_Office,2024-03-13,48,2024-04-30
5042,Germany,Student,Delhi_Office,2024-05-15,36,2024-06-20
5043,Brazil,Tourist,Delhi_Office,2024-12-18,32,2025-01-19
5044,Germany,Business,Bengaluru_Office,2024-03-10,50,2024-04-29
5045,USA,Tourist,Delhi_Office,2024-07-14,33,2024-08-16
5046,UK,Tourist,Mumbai_Office,2024-09-25,22,2024-10-17
5047,Brazil,Student,Delhi_Office,2024-02-18,40,2024-03-29
5048,UK,Business,Mumbai_Office,2024-11-11,52,2025-01-02
5049,India,Work,Mumbai_Office,2024-05-09,99,2024-08-16
5050,USA,Student,Delhi_Office,2024-01-05,43,2024-02-17
5051,Canada,Work,Bengaluru_Office,2024-01-27,97,2024-05-03
5052,USA,Tourist,Chennai_Office,2024-06-08,20,2024-06-28
5053,Brazil,Tourist,Delhi_Office,2024-05-28,27,2024-06-24
5054,Canada,Student,Mumbai_Office,2024-09-20,41,2024-10-31
5055,India,Student,Mumbai_Office,2024-08-17,32,2024-09-18
5056,Brazil,Work,Delhi_Office,2024-07-18,96,2024-10-22
5057,China,Business,Bengaluru_Office,2024-02-19,47,2024-04-06
5058,UK,Work,Bengaluru_Office,2024-03-07,92,2024-06-07
5059,India,Student,Mumbai_Office,2024-10-26,42,2024-12-07
5060,UK,Work,Mumbai_Office,2024-02-27,89,2024-05-26
5061,Germany,Student,Bengaluru_Office,2024-09-15,42,2024-10-27
5062,China,Work,Chennai_Office,2024-12-07,96,2025-03-13
5063,China,Student,Delhi_Office,2024-11-21,42,2025-01-02
5064,India,Student,Mumbai_Office,2024-05-09,30,2024-06-08
5065,China,Student,Mumbai_Office,2024-08-02,42,2024-09-13
5066,Canada,Business,Bengaluru_Office,2024-06-20,49,2024-08-08
5067,China,Work,Delhi_Office,2024-09-14,91,2024-12-14
5068,UK,Work,Bengaluru_Office,2024-04-11,96,2024-07-16
5069,UK,Work,Delhi_Office,2024-07-27,94,2024-10-29
5070,Brazil,Student,Delhi_Office,2024-10-17,34,2024-11-20
5071,UK,Work,Delhi_Office,2024-12-19,92,2025-03-21
5072,Brazil,Work,Mumbai_Office,2024-10-12,93,2025-01-13
5073,UK,Student,Chennai_Office,2024-04-25,40,2024-06-04
5074,Canada,Tourist,Bengaluru_Office,2024-09-20,33,2024-10-23
5075,Brazil,Student,Chennai_Office,2024-05-29,36,2024-07-04
5076,USA,Work,Bengaluru_Office,2024-10-26,98,2025-02-01
5077,Germany,Student,Delhi_Office,2024-02-05,42,2024-03-18
5078,India,Tourist,Mumbai_Office,2024-11-28,34,2025-01-01
5079,UK,Student,Chennai_Office,2024-10-13,36,2024-11-18
5080,China,Work,Mumbai_Office,2024-10-29,85,2025-01-22
5081,UK,Tourist,Bengaluru_Office,2024-11-06,34,2024-12-10
5082,China,Business,Mumbai_Office,2024-07-26,43,2024-09-07
5083,Germany,Work,Mumbai_Office,2024-04-15,86,2024-07-10
5084,Germany,Tourist,Chennai_Office,2024-06-06,21,2024-06-27
5085,Germany,Tourist,Delhi_Office,2024-04-30,21,2024-05-21
5086,China,Business,Mumbai_Office,2024-02-24,43,2024-04-07
5087,UK,Student,Delhi_Office,2024-01-12,43,2024-02-24
5088,Germany,Student,Bengaluru_Office,2024-05-24,30,2024-06-23
5089,Canada,Work,Mumbai_Office,2024-05-15,99,2024-08-22
5090,Brazil,Business,Chennai_Office,2024-01-03,43,2024-02-15
5091,China,Student,Bengaluru_Office,2024-05-23,31,2024-06-23
5092,China,Business,Bengaluru_Office,2024-01-30,44,2024-03-14
5093,UK,Student,Chennai_Office,2024-08-24,32,2024-09-25
5094,China,Tourist,Mumbai_Office,2024-10-05,34,2024-11-08
5095,China,Student,Mumbai_Office,2024-12-13,41,2025-01-23
5096,Germany,Business,Bengaluru_Office,2024-04-24,47,2024-06-10
5097,UK,Tourist,Mumbai_Office,2024-04-13,23,2024-05-06
5098,Germany,Tourist,Delhi_Office,2024-04-27,20,2024-05-17
5099,Brazil,Tourist,Chennai_Office,2024-01-05,20,2024-01-25
5100,Brazil,Business,Delhi_Office,2024-12-25,51,2025-02-14
5101,Germany,Work,Mumbai_Office,2024-09-04,94,2024-12-07
5102,Brazil,Work,Bengaluru_Office,2024-12-29,87,2025-03-26
5103,UK,Work,Chennai_Office,2024-11-16,99,2025-02-23
5104,India,Business,Mumbai_Office,2024-04-30,48,2024-06-17
5105,Germany,Tourist,Mumbai_Office,2024-10-12,26,2024-11-07
5106,Canada,Work,Bengaluru_Office,2024-05-28,86,2024-08-22
5107,Canada,Business,Bengaluru_Office,2024-03-24,54,2024-05-17
5108,China,Work,Delhi_Office,2024-08-18,97,2024-11-23
5109,Brazil,Student,Chennai_Office,2024-10-14,38,2024-11-21
5110,Canada,Work,Chennai_Office,2024-06-09,94,2024-09-11
5111,China,Work,Bengaluru_Office,2024-09-28,86,2024-12-23
5112,India,Tourist,Delhi_Office,2024-02-07,22,2024-02-29
5113,UK,Business,Chennai_Office,2024-08-13,50,2024-10-02
5114,UK,Tourist,Bengaluru_Office,2024-05-21,32,2024-06-22
5115,UK,Tourist,Mumbai_Office,2024-10-18,29,2024-11-16
5116,Canada,Tourist,Chennai_Office,2024-05-30,33,2024-07-02
5117,India,Tourist,Delhi_Office,2024-04-23,21,2024-05-14
5118,Canada,Tourist,Delhi_Office,2024-08-24,22,2024-09-15
5119,Brazil,Work,Delhi_Office,2024-03-06,90,2024-06-04
5120,Canada,Tourist,Mumbai_Office,2024-12-26,28,2025-01-23
5121,India,Tourist,Chennai_Office,2024-12-06,28,2025-01-03
5122,India,Business,Chennai_Office,2024-09-14,46,2024-10-30
5123,Brazil,Student,Mumbai_Office,2024-09-05,41,2024-10-16
5124,India,Work,Chennai_Office,2024-11-26,87,2025-02-21
5125,India,Work,Mumbai_Office,2024-11-18,88,2025-02-14
5126,UK,Work,Mumbai_Office,2024-06-28,90,2024-09-26
5127,Brazil,Tourist,Mumbai_Office,2024-07-08,30,2024-08-07
5128,USA,Tourist,Delhi_Office,2024-06-02,24,2024-06-26
5129,USA,Tourist,Chennai_Office,2024-07-14,21,2024-08-04
5130,India,Business,Mumbai_Office,2024-11-06,52,2024-12-28
5131,USA,Student,Chennai_Office,2024-09-18,35,2024-10-23
5132,USA,Tourist,Delhi_Office,2024-05-22,22,2024-06-13
5133,India,Student,Mumbai_Office,2024-12-07,43,2025-01-19
5134,USA,Business,Bengaluru_Office,2024-11-11,47,2024-12-28
5135,Canada,Work,Delhi_Office,2024-04-10,86,2024-07-05
5136,China,Tourist,Bengaluru_Office,2024-08-31,20,2024-09-20
5137,Brazil,Student,Chennai_Office,2024-01-12,38,2024-02-19
5138,China,Student,Chennai_Office,2024-08-26,43,2024-10-08
5139,India,Tourist,Delhi_Office,2024-02-18,31,2024-03-20
5140,UK,Work,Chennai_Office,2024-02-11,87,2024-05-08
5141,Brazil,Work,Bengaluru_Office,2024-06-14,95,2024-09-17
5142,India,Work,Mumbai_Office,2024-03-22,85,2024-06-15
5143,UK,Business,Mumbai_Office,2024-10-17,46,2024-12-02
5144,China,Student,Mumbai_Office,2024-06-06,42,2024-07-18
5145,India,Student,Delhi_Office,2024-08-03,44,2024-09-16
5146,Brazil,Student,Chennai_Office,2024-06-06,39,2024-07-15
5147,Brazil,Business,Bengaluru_Office,2024-05-13,44,2024-06-26
5148,Germany,Student,Chennai_Office,2024-03-07,34,2024-04-10
5149,Canada,Business,Chennai_Office,2024-12-01,53,2025-01-23
5150,USA,Work,Chennai_Office,2024-01-07,85,2024-04-01
5151,UK,Tourist,Mumbai_Office,2024-01-14,34,2024-02-17
5152,Germany,Student,Bengaluru_Office,2024-03-13,44,2024-04-26
5153,USA,Student,Bengaluru_Office,2024-06-11,38,2024-07-19
5154,USA,Work,Chennai_Office,2024-03-06,91,2024-06-05
5155,India,Tourist,Mumbai_Office,2024-12-12,27,2025-01-08
5156,USA,Business,Mumbai_Office,2024-05-09,48,2024-06-26
5157,Canada,Tourist,Bengaluru_Office,2024-07-24,25,2024-08-18
5158,Brazil,Work,Mumbai_Office,2024-10-02,96,2025-01-06
5159,Germany,Work,Mumbai_Office,2024-09-12,89,2024-12-10
5160,USA,Tourist,Mumbai_Office,2024-09-22,25,2024-10-17
5161,India,Business,Delhi_Office,2024-01-25,50,2024-03-15
5162,Canada,Business,Chennai_Office,2024-10-07,41,2024-11-17
5163,China,Student,Bengaluru_Office,2024-09-09,33,2024-10-12
5164,Brazil,Business,Bengaluru_Office,2024-11-05,42,2024-12-17
5165,Brazil,Tourist,Delhi_Office,2024-10-15,32,2024-11-16
5166,Germany,Work,Chennai_Office,2024-06-12,91,2024-09-11
5167,Brazil,Student,Bengaluru_Office,2024-04-04,38,2024-05-12
5168,USA,Student,Mumbai_Office,2024-09-26,34,2024-10-30
5169,India,Work,Bengaluru_Office,2024-11-16,90,2025-02-14
5170,Brazil,Business,Mumbai_Office,2024-04-19,49,2024-06-07
5171,Brazil,Work,Delhi_Office,2024-12-01,98,2025-03-09
5172,China,Business,Mumbai_Office,2024-11-05,51,2024-12-26
5173,China,Work,Bengaluru_Office,2024-08-25,96,2024-11-29
5174,UK,Tourist,Bengaluru_Office,2024-01-25,21,2024-02-15
5175,Canada,Business,Bengaluru_Office,2024-05-20,42,2024-07-01
5176,USA,Tourist,Delhi_Office,2024-04-26,22,2024-05-18
5177,Brazil,Student,Delhi_Office,2024-01-25,41,2024-03-06
5178,Brazil,Work,Chennai_Office,2024-03-19,96,2024-06-23
5179,India,Student,Bengaluru_Office,2024-03-08,44,2024-04-21
5180,UK,Student,Mumbai_Office,2024-06-21,38,2024-07-29
5181,Canada,Student,Delhi_Office,2024-01-12,44,2024-02-25
5182,UK,Student,Bengaluru_Office,2024-10-14,36,2024-11-19
5183,Germany,Work,Bengaluru_Office,2024-05-07,92,2024-08-07
5184,Canada,Student,Delhi_Office,2024-04-05,40,2024-05-15
5185,Brazil,Work,Chennai_Office,2024-04-01,94,2024-07-04
5186,Brazil,Work,Delhi_Office,2024-05-20,95,2024-08-23
5187,Canada,Tourist,Delhi_Office,2024-01-31,28,2024-02-28
5188,Brazil,Business,Mumbai_Office,2024-11-29,45,2025-01-13
5189,USA,Business,Mumbai_Office,2024-01-20,43,2024-03-03
5190,Canada,Work,Chennai_Office,2024-05-25,96,2024-08-29
5191,UK,Tourist,Bengaluru_Office,2024-11-11,20,2024-12-01
5192,Canada,Work,Delhi_Office,2024-06-08,92,2024-09-08
5193,Brazil,Work,Chennai_Office,2024-12-14,91,2025-03-15
5194,USA,Work,Mumbai_Office,2024-02-12,86,2024-05-08
5195,USA,Tourist,Delhi_Office,2024-09-10,27,2024-10-07
5196,Germany,Business,Bengaluru_Office,2024-05-09,51,2024-06-29
5197,UK,Tourist,Mumbai_Office,2024-02-29,24,2024-03-24
5198,China,Student,Mumbai_Office,2024-05-30,36,2024-07-05
5199,China,Tourist,Mumbai_Office,2024-10-13,23,2024-11-05
5200,Canada,Tourist,Chennai_Office,2024-01-05,24,2024-01-29
5201,Germany,Tourist,Bengaluru_Office,2024-09-22,27,2024-10-19
5202,India,Tourist,Delhi_Office,2024-12-10,20,2024-12-30
5203,Canada,Business,Chennai_Office,2024-05-09,40,2024-06-18
5204,Germany,Student,Chennai_Office,2024-09-23,44,2024-11-06
5205,UK,Business,Chennai_Office,2024-06-26,43,2024-08-08
5206,UK,Business,Mumbai_Office,2024-09-09,42,2024-10-21
5207,UK,Tourist,Bengaluru_Office,2024-02-25,32,2024-03-28
5208,UK,Work,Chennai_Office,2024-03-23,94,2024-06-25
5209,UK,Work,Delhi_Office,2024-04-08,96,2024-07-13
5210,Germany,Business,Bengaluru_Office,2024-05-28,41,2024-07-08
5211,Germany,Business,Delhi_Office,2024-11-24,51,2025-01-14
5212,USA,Tourist,Bengaluru_Office,2024-06-04,22,2024-06-26
5213,China,Business,Delhi_Office,2024-07-08,50,2024-08-27
5214,Brazil,Tourist,Mumbai_Office,2024-09-19,34,2024-10-23
5215,UK,Work,Chennai_Office,2024-03-20,99,2024-06-27
5216,India,Work,Delhi_Office,2024-09-08,95,2024-12-12
5217,Brazil,Student,Bengaluru_Office,2024-04-06,43,2024-05-19
5218,Germany,Work,Chennai_Office,2024-09-16,95,2024-12-20
5219,India,Business,Chennai_Office,2024-09-16,40,2024-10-26
5220,India,Work,Bengaluru_Office,2024-04-12,85,2024-07-06
5221,India,Tourist,Delhi_Office,2024-02-09,25,2024-03-05
5222,USA,Work,Mumbai_Office,2024-09-29,89,2024-12-27
5223,Germany,Student,Mumbai_Office,2024-04-10,37,2024-05-17
5224,India,Work,Delhi_Office,2024-12-24,86,2025-03-20
5225,UK,Tourist,Chennai_Office,2024-11-03,23,2024-11-26
5226,Canada,Tourist,Chennai_Office,2024-08-08,27,2024-09-04
5227,India,Business,Chennai_Office,2024-11-03,51,2024-12-24
5228,USA,Work,Chennai_Office,2024-05-03,90,2024-08-01
5229,Brazil,Tourist,Delhi_Office,2024-08-18,20,2024-09-07
5230,Germany,Student,Chennai_Office,2024-06-26,44,2024-08-09
5231,USA,Business,Bengaluru_Office,2024-03-03,43,2024-04-15
5232,India,Student,Chennai_Office,2024-04-25,30,2024-05-25
5233,Germany,Work,Mumbai_Office,2024-07-09,97,2024-10-14
5234,Canada,Work,Chennai_Office,2024-03-02,86,2024-05-27
5235,India,Work,Delhi_Office,2024-09-12,89,2024-12-10
5236,USA,Business,Mumbai_Office,2024-01-07,53,2024-02-29
5237,China,Tourist,Delhi_Office,2024-06-03,27,2024-06-30
5238,UK,Business,Delhi_Office,2024-04-01,47,2024-05-18
5239,Brazil,Student,Mumbai_Office,2024-01-14,40,2024-02-23
5240,USA,Business,Delhi_Office,2024-08-16,42,2024-09-27
5241,Germany,Student,Delhi_Office,2024-03-26,40,2024-05-05
5242,India,Business,Chennai_Office,2024-05-12,52,2024-07-03
5243,UK,Tourist,Bengaluru_Office,2024-07-01,23,2024-07-24
5244,India,Student,Delhi_Office,2024-03-02,39,2024-04-10
5245,Germany,Work,Delhi_Office,2024-08-06,95,2024-11-09
5246,India,Work,Delhi_Office,2024-09-02,98,2024-12-09
5247,China,Business,Chennai_Office,2024-08-17,45,2024-10-01
5248,UK,Work,Bengaluru_Office,2024-03-19,95,2024-06-22
5249,UK,Student,Mumbai_Office,2024-05-28,40,2024-07-07
5250,Germany,Work,Chennai_Office,2024-05-17,94,2024-08-19
5251,Brazil,Tourist,Chennai_Office,2024-11-09,22,2024-12-01
5252,China,Tourist,Bengaluru_Office,2024-03-05,21,2024-03-26
5253,USA,Business,Bengaluru_Office,2024-01-13,45,2024-02-27
5254,India,Student,Chennai_Office,2024-07-31,40,2024-09-09
5255,Canada,Tourist,Mumbai_Office,2024-08-29,32,2024-09-30
5256,India,Tourist,Chennai_Office,2024-07-31,34,2024-09-03
5257,India,Student,Bengaluru_Office,2024-06-29,34,2024-08-02
5258,USA,Work,Mumbai_Office,2024-12-03,98,2025-03-11
5259,India,Work,Bengaluru_Office,2024-06-21,94,2024-09-23
5260,China,Business,Mumbai_Office,2024-06-08,44,2024-07-22
5261,China,Work,Delhi_Office,2024-06-12,94,2024-09-14
5262,UK,Student,Bengaluru_Office,2024-07-06,42,2024-08-17
5263,Germany,Tourist,Bengaluru_Office,2024-07-09,24,2024-08-02
5264,Brazil,Work,Chennai_Office,2024-11-03,94,2025-02-05
5265,Canada,Business,Bengaluru_Office,2024-09-12,51,2024-11-02
5266,India,Work,Bengaluru_Office,2024-07-01,89,2024-09-28
5267,India,Student,Delhi_Office,2024-04-26,32,2024-05-28
5268,USA,Business,Bengaluru_Office,2024-10-08,46,2024-11-23
5269,Germany,Work,Delhi_Office,2024-07-14,90,2024-10-12
5270,China,Business,Delhi_Office,2024-02-03,43,2024-03-17
5271,Canada,Student,Delhi_Office,2024-02-21,31,2024-03-23
5272,UK,Tourist,Delhi_Office,2024-04-21,31,2024-05-22
5273,China,Student,Mumbai_Office,2024-09-08,38,2024-10-16
5274,Germany,Student,Chennai_Office,2024-03-22,30,2024-04-21
5275,Brazil,Student,Mumbai_Office,2024-08-19,42,2024-09-30
5276,UK,Student,Bengaluru_Office,2024-08-14,42,2024-09-25
5277,Brazil,Tourist,Mumbai_Office,2024-08-20,30,2024-09-19
5278,USA,Tourist,Mumbai_Office,2024-08-08,34,2024-09-11
5279,USA,Business,Bengaluru_Office,2024-02-11,53,2024-04-04
5280,India,Work,Bengaluru_Office,2024-01-21,88,2024-04-18
5281,Brazil,Tourist,Bengaluru_Office,2024-02-11,20,2024-03-02
5282,Germany,Tourist,Mumbai_Office,2024-04-22,32,2024-05-24
5283,Canada,Work,Mumbai_Office,2024-04-14,90,2024-07-13
5284,UK,Tourist,Bengaluru_Office,2024-07-10,23,2024-08-02
5285,China,Student,Chennai_Office,2024-01-17,34,2024-02-20
5286,Germany,Student,Chennai_Office,2024-04-29,34,2024-06-02
5287,Germany,Work,Delhi_Office,2024-05-08,93,2024-08-09
5288,USA,Business,Bengaluru_Office,2024-05-09,40,2024-06-18
5289,Brazil,Business,Delhi_Office,2024-02-29,52,2024-04-21
5290,India,Work,Chennai_Office,2024-02-17,86,2024-05-13
5291,India,Work,Delhi_Office,2024-01-29,97,2024-05-05
5292,UK,Student,Bengaluru_Office,2024-04-06,35,2024-05-11
5293,USA,Business,Bengaluru_Office,2024-01-10,44,2024-02-23
5294,Germany,Tourist,Bengaluru_Office,2024-08-29,30,2024-09-28
5295,Canada,Student,Mumbai_Office,2024-11-09,36,2024-12-15
5296,USA,Work,Delhi_Office,2024-08-19,87,2024-11-14
5297,UK,Business,Chennai_Office,2024-10-03,42,2024-11-14
5298,UK,Tourist,Chennai_Office,2024-10-10,29,2024-11-08
5299,USA,Tourist,Chennai_Office,2024-07-21,21,2024-08-11
5300,UK,Student,Mumbai_Office,2024-09-03,42,2024-10-15
5301,USA,Business,Mumbai_Office,2024-10-16,42,2024-11-27
5302,China,Business,Bengaluru_Office,2024-09-20,49,2024-11-08
5303,USA,Work,Chennai_Office,2024-08-01,85,2024-10-25
5304,Brazil,Business,Mumbai_Office,2024-07-18,44,2024-08-31
5305,USA,Business,Bengaluru_Office,2024-03-19,53,2024-05-11
5306,UK,Student,Chennai_Office,2024-12-08,44,2025-01-21
5307,Brazil,Business,Delhi_Office,2024-12-09,51,2025-01-29
5308,UK,Tourist,Bengaluru_Office,2024-06-21,24,2024-07-15
5309,India,Student,Mumbai_Office,2024-03-09,41,2024-04-19
5310,India,Student,Mumbai_Office,2024-03-27,40,2024-05-06
5311,Brazil,Work,Bengaluru_Office,2024-04-10,91,2024-07-10
5312,China,Business,Bengaluru_Office,2024-01-08,43,2024-02-20
5313,India,Work,Mumbai_Office,2024-11-28,87,2025-02-23
5314,USA,Tourist,Delhi_Office,2024-07-18,20,2024-08-07
5315,UK,Student,Chennai_Office,2024-03-27,41,2024-05-07
5316,India,Student,Delhi_Office,2024-02-12,44,2024-03-27
5317,India,Student,Bengaluru_Office,2024-04-18,37,2024-05-25
5318,China,Tourist,Delhi_Office,2024-05-31,32,2024-07-02
5319,Brazil,Tourist,Mumbai_Office,2024-01-17,22,2024-02-08
5320,Brazil,Work,Bengaluru_Office,2024-05-12,97,2024-08-17
5321,Germany,Work,Chennai_Office,2024-05-27,99,2024-09-03
5322,China,Work,Mumbai_Office,2024-10-03,86,2024-12-28
5323,USA,Business,Mumbai_Office,2024-08-19,50,2024-10-08
5324,Brazil,Student,Chennai_Office,2024-11-09,33,2024-12-12
5325,UK,Student,Chennai_Office,2024-08-15,32,2024-09-16
5326,China,Work,Delhi_Office,2024-05-18,97,2024-08-23
5327,India,Student,Bengaluru_Office,2024-07-29,30,2024-08-28
5328,UK,Work,Chennai_Office,2024-01-28,87,2024-04-24
5329,UK,Business,Chennai_Office,2024-02-20,51,2024-04-11
5330,India,Business,Bengaluru_Office,2024-09-17,41,2024-10-28
5331,China,Tourist,Chennai_Office,2024-09-17,27,2024-10-14
5332,India,Business,Chennai_Office,2024-12-15,45,2025-01-29
5333,Germany,Work,Delhi_Office,2024-12-17,93,2025-03-20
5334,UK,Business,Mumbai_Office,2024-01-08,47,2024-02-24
5335,Canada,Tourist,Mumbai_Office,2024-11-15,29,2024-12-14
5336,Canada,Student,Mumbai_Office,2024-05-17,32,2024-06-18
5337,USA,Work,Mumbai_Office,2024-02-07,89,2024-05-06
5338,Brazil,Student,Chennai_Office,2024-04-20,36,2024-05-26
5339,India,Tourist,Bengaluru_Office,2024-08-07,24,2024-08-31
5340,India,Tourist,Bengaluru_Office,2024-12-02,27,2024-12-29
5341,USA,Tourist,Delhi_Office,2024-08-10,31,2024-09-10
5342,USA,Student,Delhi_Office,2024-05-15,34,2024-06-18
5343,USA,Student,Chennai_Office,2024-09-12,30,2024-10-12
5344,UK,Student,Bengaluru_Office,2024-12-25,34,2025-01-28
5345,Germany,Student,Bengaluru_Office,2024-11-24,33,2024-12-27
5346,India,Tourist,Mumbai_Office,2024-02-18,25,2024-03-14
5347,UK,Tourist,Chennai_Office,2024-10-18,22,2024-11-09
5348,USA,Work,Chennai_Office,2024-11-19,99,2025-02-26
5349,India,Work,Mumbai_Office,2024-03-18,95,2024-06-21
5350,UK,Student,Chennai_Office,2024-04-14,34,2024-05-18
5351,Germany,Business,Chennai_Office,2024-06-17,41,2024-07-28
5352,UK,Business,Delhi_Office,2024-08-04,50,2024-09-23
5353,Germany,Tourist,Bengaluru_Office,2024-04-28,25,2024-05-23
5354,USA,Tourist,Chennai_Office,2024-07-08,32,2024-08-09
5355,Germany,Tourist,Delhi_Office,2024-09-11,34,2024-10-15
5356,India,Work,Bengaluru_Office,2024-09-22,96,2024-12-27
5357,USA,Work,Mumbai_Office,2024-05-28,90,2024-08-26
5358,India,Tourist,Delhi_Office,2024-06-12,24,2024-07-06
5359,Canada,Tourist,Delhi_Office,2024-05-19,25,2024-06-13
5360,China,Tourist,Bengaluru_Office,2024-12-12,30,2025-01-11
5361,Germany,Business,Mumbai_Office,2024-09-14,46,2024-10-30
5362,China,Work,Delhi_Office,2024-09-25,96,2024-12-30
5363,China,Business,Chennai_Office,2024-06-29,44,2024-08-12
5364,Germany,Business,Chennai_Office,2024-06-08,40,2024-07-18
5365,USA,Tourist,Chennai_Office,2024-12-16,27,2025-01-12
5366,Canada,Tourist,Mumbai_Office,2024-10-14,23,2024-11-06
5367,India,Student,Delhi_Office,2024-10-14,38,2024-11-21
5368,UK,Student,Chennai_Office,2024-08-13,43,2024-09-25
5369,India,Business,Mumbai_Office,2024-01-11,49,2024-02-29
5370,UK,Work,Chennai_Office,2024-01-10,96,2024-04-15
5371,India,Tourist,Bengaluru_Office,2024-09-27,25,2024-10-22
5372,Germany,Tourist,Delhi_Office,2024-09-29,20,2024-10-19
5373,Canada,Business,Delhi_Office,2024-07-01,42,2024-08-12
5374,UK,Student,Mumbai_Office,2024-06-01,32,2024-07-03
5375,Brazil,Work,Mumbai_Office,2024-11-10,94,2025-02-12
5376,USA,Student,Delhi_Office,2024-11-29,41,2025-01-09
5377,India,Student,Chennai_Office,2024-05-03,41,2024-06-13
5378,India,Student,Chennai_Office,2024-04-23,33,2024-05-26
5379,UK,Student,Bengaluru_Office,2024-10-04,35,2024-11-08
5380,USA,Tourist,Chennai_Office,2024-07-31,34,2024-09-03
5381,USA,Tourist,Mumbai_Office,2024-06-20,26,2024-07-16
5382,Germany,Student,Mumbai_Office,2024-10-14,39,2024-11-22
5383,Brazil,Work,Chennai_Office,2024-06-22,88,2024-09-18
5384,Germany,Business,Mumbai_Office,2024-04-22,45,2024-06-06
5385,Germany,Work,Delhi_Office,2024-05-01,95,2024-08-04
5386,Germany,Work,Delhi_Office,2024-02-01,85,2024-04-26
5387,Germany,Work,Chennai_Office,2024-08-09,98,2024-11-15
5388,Germany,Student,Delhi_Office,2024-04-28,37,2024-06-04
5389,Canada,Tourist,Delhi_Office,2024-02-08,26,2024-03-05
5390,USA,Work,Bengaluru_Office,2024-09-24,99,2025-01-01
5391,Germany,Student,Bengaluru_Office,2024-08-20,40,2024-09-29
5392,USA,Work,Delhi_Office,2024-01-18,95,2024-04-22
5393,USA,Work,Chennai_Office,2024-05-28,93,2024-08-29
5394,China,Student,Bengaluru_Office,2024-05-28,32,2024-06-29
5395,Canada,Tourist,Mumbai_Office,2024-05-05,21,2024-05-26
5396,Germany,Tourist,Mumbai_Office,2024-10-28,20,2024-11-17
5397,India,Business,Mumbai_Office,2024-12-25,42,2025-02-05
5398,UK,Student,Chennai_Office,2024-08-25,34,2024-09-28
5399,Brazil,Business,Delhi_Office,2024-05-14,53,2024-07-06
5400,India,Business,Mumbai_Office,2024-05-30,50,2024-07-19
5401,Canada,Business,Chennai_Office,2024-08-23,41,2024-10-03
5402,UK,Tourist,Bengaluru_Office,2024-08-11,31,2024-09-11
5403,Canada,Student,Delhi_Office,2024-07-21,32,2024-08-22
5404,USA,Business,Bengaluru_Office,2024-09-12,54,2024-11-05
5405,UK,Student,Chennai_Office,2024-03-26,44,2024-05-09
5406,USA,Student,Mumbai_Office,2024-05-29,44,2024-07-12
5407,India,Tourist,Mumbai_Office,2024-08-22,23,2024-09-14
5408,India,Business,Chennai_Office,2024-12-10,46,2025-01-25
5409,UK,Business,Mumbai_Office,2024-01-22,52,2024-03-14
5410,UK,Student,Delhi_Office,2024-12-13,32,2025-01-14
5411,Germany,Work,Chennai_Office,2024-10-11,99,2025-01-18
5412,Canada,Tourist,Bengaluru_Office,2024-09-25,28,2024-10-23
5413,Germany,Tourist,Chennai_Office,2024-09-14,27,2024-10-11
5414,Canada,Tourist,Delhi_Office,2024-01-29,23,2024-02-21
5415,Germany,Tourist,Delhi_Office,2024-07-31,32,2024-09-01
5416,USA,Business,Chennai_Office,2024-10-09,40,2024-11-18
5417,UK,Business,Chennai_Office,2024-02-19,40,2024-03-30
5418,India,Work,Mumbai_Office,2024-04-04,85,2024-06-28
5419,Canada,Tourist,Delhi_Office,2024-03-28,20,2024-04-17
5420,Canada,Tourist,Chennai_Office,2024-02-13,27,2024-03-11
5421,India,Student,Chennai_Office,2024-10-04,32,2024-11-05
5422,Germany,Business,Delhi_Office,2024-06-19,54,2024-08-12
5423,Canada,Tourist,Chennai_Office,2024-07-07,25,2024-08-01
5424,Brazil,Work,Mumbai_Office,2024-12-18,87,2025-03-15
5425,USA,Work,Delhi_Office,2024-07-02,95,2024-10-05
5426,UK,Business,Mumbai_Office,2024-01-03,44,2024-02-16
5427,India,Work,Mumbai_Office,2024-07-09,97,2024-10-14
5428,UK,Work,Mumbai_Office,2024-04-27,99,2024-08-04
5429,Brazil,Business,Mumbai_Office,2024-01-19,53,2024-03-12
5430,Canada,Tourist,Delhi_Office,2024-01-23,32,2024-02-24
5431,Canada,Tourist,Mumbai_Office,2024-01-30,34,2024-03-04
5432,Brazil,Work,Mumbai_Office,2024-10-21,91,2025-01-20
5433,India,Work,Chennai_Office,2024-04-17,86,2024-07-12
5434,USA,Tourist,Delhi_Office,2024-10-07,25,2024-11-01
5435,China,Business,Delhi_Office,2024-05-07,52,2024-06-28
5436,India,Work,Bengaluru_Office,2024-08-16,90,2024-11-14
5437,China,Student,Delhi_Office,2024-04-20,40,2024-05-30
5438,Brazil,Business,Delhi_Office,2024-05-15,42,2024-06-26
5439,Germany,Work,Bengaluru_Office,2024-12-27,90,2025-03-27
5440,China,Work,Delhi_Office,2024-07-04,94,2024-10-06
5441,USA,Student,Delhi_Office,2024-05-23,39,2024-07-01
5442,Germany,Student,Delhi_Office,2024-03-12,43,2024-04-24
5443,China,Tourist,Delhi_Office,2024-05-08,24,2024-06-01
5444,Brazil,Business,Bengaluru_Office,2024-12-29,51,2025-02-18
5445,Germany,Business,Delhi_Office,2024-09-17,41,2024-10-28
5446,Brazil,Tourist,Delhi_Office,2024-01-03,28,2024-01-31
5447,China,Business,Bengaluru_Office,2024-04-13,47,2024-05-30
5448,Brazil,Business,Chennai_Office,2024-08-11,42,2024-09-22
5449,USA,Business,Mumbai_Office,2024-11-15,47,2025-01-01
5450,China,Business,Chennai_Office,2024-12-27,53,2025-02-18
5451,China,Business,Bengaluru_Office,2024-12-19,48,2025-02-05
5452,China,Student,Mumbai_Office,2024-01-10,43,2024-02-22
5453,India,Business,Bengaluru_Office,2024-10-28,54,2024-12-21
5454,India,Student,Bengaluru_Office,2024-08-18,32,2024-09-19
5455,India,Business,Delhi_Office,2024-08-06,42,2024-09-17
5456,USA,Tourist,Mumbai_Office,2024-03-06,21,2024-03-27
5457,Germany,Work,Delhi_Office,2024-04-21,92,2024-07-22
5458,Brazil,Student,Mumbai_Office,2024-01-13,39,2024-02-21
5459,Canada,Business,Bengaluru_Office,2024-03-26,40,2024-05-05
5460,China,Tourist,Bengaluru_Office,2024-08-21,27,2024-09-17
5461,Brazil,Work,Chennai_Office,2024-03-30,91,2024-06-29
5462,China,Student,Mumbai_Office,2024-11-09,43,2024-12-22
5463,USA,Work,Delhi_Office,2024-02-23,91,2024-05-24
5464,China,Tourist,Chennai_Office,2024-01-12,22,2024-02-03
5465,India,Student,Chennai_Office,2024-07-27,30,2024-08-26
5466,Canada,Work,Chennai_Office,2024-01-14,88,2024-04-11
5467,UK,Business,Delhi_Office,2024-04-30,48,2024-06-17
5468,China,Student,Chennai_Office,2024-01-20,34,2024-02-23
5469,Brazil,Work,Delhi_Office,2024-03-15,85,2024-06-08
5470,India,Tourist,Chennai_Office,2024-08-30,34,2024-10-03
5471,UK,Tourist,Delhi_Office,2024-08-10,24,2024-09-03
5472,Canada,Student,Bengaluru_Office,2024-03-10,42,2024-04-21
5473,UK,Work,Bengaluru_Office,2024-11-07,92,2025-02-07
5474,India,Student,Bengaluru_Office,2024-07-29,37,2024-09-04
5475,Germany,Student,Bengaluru_Office,2024-04-10,34,2024-05-14
5476,Germany,Work,Bengaluru_Office,2024-07-04,96,2024-10-08
5477,UK,Work,Chennai_Office,2024-05-11,93,2024-08-12
5478,USA,Business,Chennai_Office,2024-04-20,54,2024-06-13
5479,Brazil,Work,Chennai_Office,2024-05-11,85,2024-08-04
5480,Brazil,Tourist,Delhi_Office,2024-01-20,23,2024-02-12
5481,UK,Student,Delhi_Office,2024-01-24,32,2024-02-25
5482,China,Student,Delhi_Office,2024-08-14,31,2024-09-14
5483,China,Tourist,Delhi_Office,2024-06-02,34,2024-07-06
5484,Brazil,Work,Bengaluru_Office,2024-10-19,92,2025-01-19
5485,Brazil,Tourist,Bengaluru_Office,2024-08-17,26,2024-09-12
5486,Germany,Tourist,Bengaluru_Office,2024-11-05,28,2024-12-03
5487,USA,Business,Mumbai_Office,2024-12-24,41,2025-02-03
5488,India,Tourist,Chennai_Office,2024-07-20,33,2024-08-22
5489,China,Student,Delhi_Office,2024-02-07,43,2024-03-21
5490,Brazil,Tourist,Delhi_Office,2024-09-16,23,2024-10-09
5491,Germany,Student,Bengaluru_Office,2024-07-06,43,2024-08-18
5492,Canada,Student,Delhi_Office,2024-02-26,44,2024-04-10
5493,Germany,Student,Delhi_Office,2024-01-20,35,2024-02-24
5494,China,Work,Chennai_Office,2024-09-29,95,2025-01-02
5495,China,Business,Bengaluru_Office,2024-04-28,42,2024-06-09
5496,Germany,Student,Chennai_Office,2024-03-11,37,2024-04-17
5497,India,Student,Mumbai_Office,2024-01-04,32,2024-02-05
5498,UK,Work,Mumbai_Office,2024-08-08,98,2024-11-14
5499,China,Student,Mumbai_Office,2024-01-14,41,2024-02-24
5500,Germany,Tourist,Bengaluru_Office,2024-01-03,32,2024-02-04
5501,Brazil,Tourist,Delhi_Office,2024-08-03,32,2024-09-04
5502,Germany,Business,Bengaluru_Office,2024-08-16,41,2024-09-26
5503,USA,Student,Bengaluru_Office,2024-12-01,42,2025-01-12
5504,UK,Work,Delhi_Office,2024-07-04,97,2024-10-09
5505,Canada,Tourist,Chennai_Office,2024-02-24,22,2024-03-17
5506,India,Work,Mumbai_Office,2024-09-10,95,2024-12-14
5507,Canada,Work,Chennai_Office,2024-01-24,90,2024-04-23
5508,UK,Tourist,Mumbai_Office,2024-06-10,21,2024-07-01
5509,UK,Work,Bengaluru_Office,2024-06-06,92,2024-09-06
5510,UK,Tourist,Mumbai_Office,2024-03-22,20,2024-04-11
5511,Canada,Work,Bengaluru_Office,2024-06-07,91,2024-09-06
5512,Brazil,Tourist,Chennai_Office,2024-07-06,21,2024-07-27
5513,UK,Student,Bengaluru_Office,2024-02-29,39,2024-04-08
5514,Germany,Business,Chennai_Office,2024-10-31,51,2024-12-21
5515,Canada,Tourist,Delhi_Office,2024-11-14,25,2024-12-09
5516,UK,Tourist,Delhi_Office,2024-07-29,31,2024-08-29
5517,Germany,Business,Delhi_Office,2024-05-31,41,2024-07-11
5518,Brazil,Tourist,Bengaluru_Office,2024-04-18,21,2024-05-09
5519,USA,Tourist,Delhi_Office,2024-03-16,29,2024-04-14
5520,Brazil,Work,Mumbai_Office,2024-01-30,97,2024-05-06
5521,UK,Business,Chennai_Office,2024-11-09,47,2024-12-26
5522,Canada,Student,Chennai_Office,2024-04-26,44,2024-06-09
5523,China,Tourist,Mumbai_Office,2024-12-21,34,2025-01-24
5524,UK,Business,Bengaluru_Office,2024-07-10,51,2024-08-30
5525,China,Work,Bengaluru_Office,2024-01-19,86,2024-04-14
5526,Germany,Student,Chennai_Office,2024-06-21,36,2024-07-27
5527,USA,Business,Delhi_Office,2024-08-15,42,2024-09-26
5528,India,Student,Bengaluru_Office,2024-12-15,37,2025-01-21
5529,Brazil,Student,Bengaluru_Office,2024-07-01,36,2024-08-06
5530,USA,Student,Mumbai_Office,2024-04-22,43,2024-06-04
5531,UK,Tourist,Mumbai_Office,2024-07-01,27,2024-07-28
5532,China,Tourist,Delhi_Office,2024-05-25,33,2024-06-27
5533,Brazil,Work,Bengaluru_Office,2024-11-14,91,2025-02-13
5534,China,Work,Bengaluru_Office,2024-04-25,95,2024-07-29
5535,Canada,Business,Mumbai_Office,2024-04-22,45,2024-06-06
5536,China,Work,Bengaluru_Office,2024-09-07,97,2024-12-13
5537,Canada,Student,Chennai_Office,2024-09-07,36,2024-10-13
5538,Germany,Student,Mumbai_Office,2024-10-29,34,2024-12-02
5539,Brazil,Tourist,Delhi_Office,2024-11-08,26,2024-12-04
5540,Brazil,Student,Mumbai_Office,2024-04-27,30,2024-05-27
5541,India,Business,Bengaluru_Office,2024-10-27,40,2024-12-06
5542,UK,Student,Delhi_Office,2024-06-09,38,2024-07-17
5543,Canada,Student,Mumbai_Office,2024-07-16,43,2024-08-28
5544,India,Business,Chennai_Office,2024-09-16,44,2024-10-30
5545,China,Work,Chennai_Office,2024-05-27,97,2024-09-01
5546,China,Work,Mumbai_Office,2024-08-27,89,2024-11-24
5547,India,Business,Chennai_Office,2024-02-16,42,2024-03-29
5548,Brazil,Tourist,Chennai_Office,2024-07-16,24,2024-08-09
5549,China,Student,Chennai_Office,2024-02-16,32,2024-03-19
5550,Germany,Business,Delhi_Office,2024-03-18,48,2024-05-05
5551,Germany,Student,Chennai_Office,2024-05-03,38,2024-06-10
5552,India,Tourist,Chennai_Office,2024-03-15,25,2024-04-09
5553,Canada,Student,Chennai_Office,2024-12-24,44,2025-02-06
5554,Canada,Business,Delhi_Office,2024-05-16,40,2024-06-25
5555,India,Student,Mumbai_Office,2024-03-30,36,2024-05-05
5556,Canada,Work,Bengaluru_Office,2024-11-20,91,2025-02-19
5557,Brazil,Tourist,Chennai_Office,2024-03-01,33,2024-04-03
5558,Brazil,Tourist,Mumbai_Office,2024-05-17,29,2024-06-15
5559,Canada,Tourist,Chennai_Office,2024-02-19,29,2024-03-19
5560,Germany,Business,Delhi_Office,2024-09-15,43,2024-10-28
5561,Canada,Tourist,Mumbai_Office,2024-04-16,27,2024-05-13
5562,Brazil,Work,Delhi_Office,2024-04-22,90,2024-07-21
5563,USA,Business,Chennai_Office,2024-12-15,43,2025-01-27
5564,UK,Work,Chennai_Office,2024-09-10,88,2024-12-07
5565,China,Student,Delhi_Office,2024-04-27,31,2024-05-28
5566,USA,Student,Bengaluru_Office,2024-07-16,43,2024-08-28
5567,Canada,Student,Delhi_Office,2024-12-02,31,2025-01-02
5568,Germany,Student,Chennai_Office,2024-12-30,41,2025-02-09
5569,India,Work,Delhi_Office,2024-02-20,98,2024-05-28
5570,Canada,Business,Bengaluru_Office,2024-09-01,43,2024-10-14
5571,Germany,Business,Delhi_Office,2024-02-04,44,2024-03-19
5572,UK,Tourist,Bengaluru_Office,2024-10-28,27,2024-11-24
5573,Canada,Work,Bengaluru_Office,2024-03-09,99,2024-06-16
5574,Brazil,Student,Delhi_Office,2024-12-14,35,2025-01-18
5575,India,Work,Delhi_Office,2024-11-15,98,2025-02-21
5576,Germany,Tourist,Mumbai_Office,2024-02-18,34,2024-03-23
5577,Germany,Tourist,Chennai_Office,2024-03-14,23,2024-04-06
5578,Germany,Work,Bengaluru_Office,2024-07-10,97,2024-10-15
5579,UK,Work,Mumbai_Office,2024-09-17,95,2024-12-21
5580,Canada,Work,Delhi_Office,2024-12-21,91,2025-03-22
5581,UK,Business,Chennai_Office,2024-03-10,47,2024-04-26
5582,China,Student,Mumbai_Office,2024-03-30,31,2024-04-30
5583,China,Work,Bengaluru_Office,2024-09-16,96,2024-12-21
5584,Canada,Work,Mumbai_Office,2024-05-05,91,2024-08-04
5585,Brazil,Work,Bengaluru_Office,2024-08-18,99,2024-11-25
5586,UK,Tourist,Delhi_Office,2024-10-21,33,2024-11-23
5587,India,Tourist,Chennai_Office,2024-05-08,21,2024-05-29
5588,Germany,Business,Chennai_Office,2024-10-06,41,2024-11-16
5589,Germany,Student,Chennai_Office,2024-11-08,37,2024-12-15
5590,Canada,Business,Delhi_Office,2024-04-09,41,2024-05-20
5591,Brazil,Student,Bengaluru_Office,2024-11-21,44,2025-01-04
5592,China,Tourist,Delhi_Office,2024-10-23,30,2024-11-22
5593,China,Tourist,Chennai_Office,2024-06-30,28,2024-07-28
5594,Germany,Tourist,Delhi_Office,2024-06-22,31,2024-07-23
5595,Canada,Business,Delhi_Office,2024-11-11,40,2024-12-21
5596,UK,Work,Delhi_Office,2024-12-29,99,2025-04-07
5597,China,Work,Bengaluru_Office,2024-07-06,93,2024-10-07
5598,UK,Tourist,Mumbai_Office,2024-02-26,34,2024-03-31
5599,Brazil,Work,Mumbai_Office,2024-01-31,85,2024-04-25
5600,China,Work,Delhi_Office,2024-03-24,94,2024-06-26
5601,China,Business,Mumbai_Office,2024-05-31,52,2024-07-22
5602,USA,Student,Mumbai_Office,2024-02-05,39,2024-03-15
5603,China,Tourist,Delhi_Office,2024-07-31,21,2024-08-21
5604,India,Tourist,Delhi_Office,2024-12-29,25,2025-01-23
5605,Canada,Business,Chennai_Office,2024-04-15,45,2024-05-30
5606,Canada,Business,Mumbai_Office,2024-12-07,40,2025-01-16
5607,UK,Work,Bengaluru_Office,2024-08-07,91,2024-11-06
5608,Brazil,Tourist,Delhi_Office,2024-06-11,27,2024-07-08
5609,China,Student,Chennai_Office,2024-08-07,31,2024-09-07
5610,India,Business,Bengaluru_Office,2024-09-26,47,2024-11-12
5611,UK,Student,Mumbai_Office,2024-04-29,38,2024-06-06
5612,USA,Student,Chennai_Office,2024-12-01,35,2025-01-05
5613,UK,Tourist,Delhi_Office,2024-06-30,24,2024-07-24
5614,UK,Tourist,Bengaluru_Office,2024-04-15,31,2024-05-16
5615,China,Business,Delhi_Office,2024-08-04,48,2024-09-21
5616,USA,Tourist,Mumbai_Office,2024-07-23,32,2024-08-24
5617,UK,Tourist,Bengaluru_Office,2024-03-10,31,2024-04-10
5618,India,Tourist,Mumbai_Office,2024-02-13,30,2024-03-14
5619,India,Student,Mumbai_Office,2024-11-24,38,2025-01-01
5620,Canada,Business,Chennai_Office,2024-10-27,40,2024-12-06
5621,USA,Work,Delhi_Office,2024-08-15,95,2024-11-18
5622,USA,Student,Bengaluru_Office,2024-07-02,32,2024-08-03
5623,Canada,Tourist,Mumbai_Office,2024-04-16,28,2024-05-14
5624,UK,Student,Mumbai_Office,2024-03-24,40,2024-05-03
5625,USA,Tourist,Bengaluru_Office,2024-12-03,21,2024-12-24
5626,India,Tourist,Mumbai_Office,2024-09-06,31,2024-10-07
5627,India,Student,Chennai_Office,2024-12-28,33,2025-01-30
5628,China,Business,Chennai_Office,2024-01-21,43,2024-03-04
5629,USA,Tourist,Chennai_Office,2024-07-14,21,2024-08-04
5630,UK,Business,Chennai_Office,2024-06-26,54,2024-08-19
5631,Canada,Work,Mumbai_Office,2024-01-07,87,2024-04-03
5632,Canada,Tourist,Bengaluru_Office,2024-03-10,32,2024-04-11
5633,UK,Business,Bengaluru_Office,2024-05-06,42,2024-06-17
5634,Brazil,Business,Bengaluru_Office,2024-06-08,40,2024-07-18
5635,Germany,Work,Bengaluru_Office,2024-09-04,90,2024-12-03
5636,China,Business,Delhi_Office,2024-07-21,47,2024-09-06
5637,Canada,Business,Bengaluru_Office,2024-05-27,51,2024-07-17
5638,USA,Work,Delhi_Office,2024-05-22,87,2024-08-17
5639,China,Tourist,Delhi_Office,2024-07-17,24,2024-08-10
5640,USA,Business,Chennai_Office,2024-06-02,40,2024-07-12
5641,Brazil,Business,Delhi_Office,2024-05-21,49,2024-07-09
5642,India,Business,Mumbai_Office,2024-11-08,46,2024-12-24
5643,China,Student,Delhi_Office,2024-06-13,39,2024-07-22
5644,Canada,Work,Chennai_Office,2024-11-09,97,2025-02-14
5645,China,Student,Delhi_Office,2024-01-21,30,2024-02-20
5646,China,Work,Mumbai_Office,2024-03-22,96,2024-06-26
5647,China,Tourist,Mumbai_Office,2024-03-09,30,2024-04-08
5648,Germany,Tourist,Mumbai_Office,2024-05-10,28,2024-06-07
5649,China,Business,Chennai_Office,2024-03-27,47,2024-05-13
5650,USA,Work,Chennai_Office,2024-08-05,91,2024-11-04
5651,India,Tourist,Bengaluru_Office,2024-10-31,29,2024-11-29
5652,Brazil,Work,Chennai_Office,2024-12-10,99,2025-03-19
5653,UK,Tourist,Mumbai_Office,2024-12-06,26,2025-01-01
5654,China,Student,Mumbai_Office,2024-06-09,34,2024-07-13
5655,Canada,Tourist,Chennai_Office,2024-06-26,24,2024-07-20
5656,China,Student,Delhi_Office,2024-04-26,40,2024-06-05
5657,Canada,Tourist,Chennai_Office,2024-07-14,32,2024-08-15
5658,USA,Business,Chennai_Office,2024-11-22,44,2025-01-05
5659,Canada,Student,Mumbai_Office,2024-03-26,30,2024-04-25
5660,UK,Tourist,Bengaluru_Office,2024-10-15,27,2024-11-11
5661,India,Business,Mumbai_Office,2024-03-21,51,2024-05-11
5662,Canada,Student,Bengaluru_Office,2024-05-31,40,2024-07-10
5663,Canada,Business,Mumbai_Office,2024-03-01,40,2024-04-10
5664,India,Work,Chennai_Office,2024-03-01,88,2024-05-28
5665,UK,Work,Mumbai_Office,2024-12-19,99,2025-03-28
5666,China,Student,Mumbai_Office,2024-01-28,38,2024-03-06
5667,Canada,Tourist,Mumbai_Office,2024-02-12,33,2024-03-16
5668,India,Student,Chennai_Office,2024-06-17,38,2024-07-25
5669,USA,Business,Chennai_Office,2024-03-26,44,2024-05-09
5670,India,Tourist,Chennai_Office,2024-06-25,23,2024-07-18
5671,USA,Work,Chennai_Office,2024-01-17,87,2024-04-13
5672,UK,Tourist,Bengaluru_Office,2024-04-07,22,2024-04-29
5673,China,Work,Bengaluru_Office,2024-07-16,96,2024-10-20
5674,India,Tourist,Delhi_Office,2024-04-07,24,2024-05-01
5675,Brazil,Tourist,Chennai_Office,2024-03-05,29,2024-04-03
5676,Brazil,Tourist,Bengaluru_Office,2024-11-25,20,2024-12-15
5677,Germany,Business,Mumbai_Office,2024-12-06,44,2025-01-19
5678,Canada,Business,Chennai_Office,2024-01-05,45,2024-02-19
5679,UK,Student,Delhi_Office,2024-01-02,36,2024-02-07
5680,India,Student,Delhi_Office,2024-01-22,41,2024-03-03
5681,Brazil,Work,Delhi_Office,2024-04-21,93,2024-07-23
5682,Canada,Business,Mumbai_Office,2024-02-26,42,2024-04-08
5683,Brazil,Work,Bengaluru_Office,2024-03-06,99,2024-06-13
5684,India,Student,Mumbai_Office,2024-11-25,31,2024-12-26
5685,USA,Work,Chennai_Office,2024-04-07,98,2024-07-14
5686,India,Student,Delhi_Office,2024-05-23,32,2024-06-24
5687,Germany,Business,Mumbai_Office,2024-05-04,51,2024-06-24
5688,India,Tourist,Mumbai_Office,2024-06-15,28,2024-07-13
5689,India,Business,Bengaluru_Office,2024-03-26,51,2024-05-16
5690,Germany,Work,Bengaluru_Office,2024-03-16,91,2024-06-15
5691,UK,Work,Delhi_Office,2024-12-09,93,2025-03-12
5692,India,Business,Mumbai_Office,2024-10-20,52,2024-12-11
5693,Germany,Business,Mumbai_Office,2024-02-28,41,2024-04-09
5694,Canada,Student,Bengaluru_Office,2024-05-17,34,2024-06-20
5695,USA,Work,Mumbai_Office,2024-04-08,97,2024-07-14
5696,USA,Work,Mumbai_Office,2024-07-10,88,2024-10-06
5697,India,Business,Mumbai_Office,2024-08-30,54,2024-10-23
5698,UK,Tourist,Bengaluru_Office,2024-11-14,21,2024-12-05
5699,UK,Work,Delhi_Office,2024-02-18,93,2024-05-21
5700,Canada,Tourist,Chennai_Office,2024-02-01,28,2024-02-29
5701,India,Business,Delhi_Office,2024-10-03,45,2024-11-17
5702,USA,Business,Chennai_Office,2024-01-20,50,2024-03-10
5703,UK,Student,Mumbai_Office,2024-06-02,35,2024-07-07
5704,India,Work,Delhi_Office,2024-03-08,92,2024-06-08
5705,Brazil,Tourist,Chennai_Office,2024-08-01,25,2024-08-26
5706,UK,Student,Bengaluru_Office,2024-05-22,30,2024-06-21
5707,Germany,Work,Bengaluru_Office,2024-08-19,88,2024-11-15
5708,Brazil,Student,Delhi_Office,2024-07-31,42,2024-09-11
5709,UK,Business,Delhi_Office,2024-03-19,46,2024-05-04
5710,USA,Work,Mumbai_Office,2024-08-01,97,2024-11-06
5711,China,Student,Delhi_Office,2024-04-25,42,2024-06-06
5712,Brazil,Student,Mumbai_Office,2024-04-01,31,2024-05-02
5713,Canada,Tourist,Mumbai_Office,2024-09-26,28,2024-10-24
5714,Canada,Student,Bengaluru_Office,2024-06-16,37,2024-07-23
5715,USA,Work,Bengaluru_Office,2024-02-27,92,2024-05-29
5716,UK,Work,Chennai_Office,2024-10-10,91,2025-01-09
5717,India,Tourist,Bengaluru_Office,2024-01-26,23,2024-02-18
5718,UK,Work,Bengaluru_Office,2024-03-06,86,2024-05-31
5719,USA,Business,Delhi_Office,2024-09-04,42,2024-10-16
5720,Canada,Work,Bengaluru_Office,2024-09-10,96,2024-12-15
5721,UK,Work,Chennai_Office,2024-02-13,90,2024-05-13
5722,Canada,Student,Delhi_Office,2024-04-06,41,2024-05-17
5723,Brazil,Student,Chennai_Office,2024-02-11,41,2024-03-23
5724,India,Work,Bengaluru_Office,2024-08-14,89,2024-11-11
5725,Brazil,Tourist,Chennai_Office,2024-09-18,31,2024-10-19
5726,Canada,Student,Delhi_Office,2024-06-15,37,2024-07-22
5727,Canada,Tourist,Mumbai_Office,2024-10-05,25,2024-10-30
5728,China,Work,Chennai_Office,2024-03-29,90,2024-06-27
5729,China,Work,Chennai_Office,2024-06-26,85,2024-09-19
5730,Brazil,Business,Delhi_Office,2024-07-15,43,2024-08-27
5731,Germany,Student,Delhi_Office,2024-11-02,34,2024-12-06
5732,Brazil,Work,Chennai_Office,2024-09-23,96,2024-12-28
5733,China,Business,Bengaluru_Office,2024-09-24,50,2024-11-13
5734,Canada,Student,Chennai_Office,2024-03-14,32,2024-04-15
5735,USA,Work,Delhi_Office,2024-01-08,97,2024-04-14
5736,Brazil,Work,Mumbai_Office,2024-10-23,93,2025-01-24
5737,Canada,Student,Mumbai_Office,2024-06-12,30,2024-07-12
5738,USA,Student,Bengaluru_Office,2024-03-25,35,2024-04-29
5739,USA,Student,Chennai_Office,2024-03-12,35,2024-04-16
5740,China,Work,Mumbai_Office,2024-02-24,94,2024-05-28
5741,Brazil,Work,Chennai_Office,2024-02-16,89,2024-05-15
5742,UK,Business,Delhi_Office,2024-08-25,51,2024-10-15
5743,India,Tourist,Mumbai_Office,2024-04-13,34,2024-05-17
5744,China,Student,Bengaluru_Office,2024-07-28,34,2024-08-31
5745,China,Work,Delhi_Office,2024-02-11,94,2024-05-15
5746,UK,Work,Bengaluru_Office,2024-11-11,98,2025-02-17
5747,India,Student,Delhi_Office,2024-09-24,42,2024-11-05
5748,Canada,Tourist,Mumbai_Office,2024-09-19,24,2024-10-13
5749,Germany,Student,Bengaluru_Office,2024-12-01,35,2025-01-05
5750,Brazil,Tourist,Bengaluru_Office,2024-12-30,27,2025-01-26
5751,Germany,Work,Delhi_Office,2024-09-15,86,2024-12-10
5752,Canada,Tourist,Bengaluru_Office,2024-10-09,25,2024-11-03
5753,China,Business,Delhi_Office,2024-04-23,40,2024-06-02
5754,India,Work,Delhi_Office,2024-12-28,88,2025-03-26
5755,China,Business,Delhi_Office,2024-02-09,53,2024-04-02
5756,USA,Student,Delhi_Office,2024-08-07,39,2024-09-15
5757,China,Student,Mumbai_Office,2024-05-08,32,2024-06-09
5758,China,Student,Delhi_Office,2024-01-08,38,2024-02-15
5759,Canada,Tourist,Chennai_Office,2024-04-10,22,2024-05-02
5760,Canada,Work,Bengaluru_Office,2024-06-24,99,2024-10-01
5761,Canada,Student,Chennai_Office,2024-04-16,35,2024-05-21
5762,Germany,Student,Mumbai_Office,2024-04-10,30,2024-05-10
5763,USA,Work,Chennai_Office,2024-09-16,96,2024-12-21
5764,Canada,Student,Bengaluru_Office,2024-09-02,35,2024-10-07
5765,India,Business,Chennai_Office,2024-10-01,43,2024-11-13
5766,Germany,Work,Mumbai_Office,2024-02-01,92,2024-05-03
5767,UK,Work,Delhi_Office,2024-05-16,97,2024-08-21
5768,India,Work,Chennai_Office,2024-01-12,95,2024-04-16
5769,Brazil,Business,Mumbai_Office,2024-10-28,48,2024-12-15
5770,Brazil,Work,Mumbai_Office,2024-01-16,88,2024-04-13
5771,India,Business,Bengaluru_Office,2024-05-08,49,2024-06-26
5772,Canada,Work,Bengaluru_Office,2024-03-03,96,2024-06-07
5773,UK,Tourist,Chennai_Office,2024-04-18,29,2024-05-17
5774,UK,Student,Delhi_Office,2024-01-21,35,2024-02-25
5775,Germany,Tourist,Mumbai_Office,2024-06-06,20,2024-06-26
5776,UK,Student,Chennai_Office,2024-09-25,33,2024-10-28
5777,Brazil,Business,Mumbai_Office,2024-06-10,46,2024-07-26
5778,USA,Tourist,Mumbai_Office,2024-09-16,31,2024-10-17
5779,Canada,Work,Delhi_Office,2024-04-11,99,2024-07-19
5780,UK,Student,Delhi_Office,2024-08-10,30,2024-09-09
5781,Germany,Student,Chennai_Office,2024-02-28,37,2024-04-05
5782,Brazil,Tourist,Delhi_Office,2024-09-03,31,2024-10-04
5783,USA,Business,Delhi_Office,2024-05-07,49,2024-06-25
5784,China,Tourist,Chennai_Office,2024-10-09,31,2024-11-09
5785,China,Business,Delhi_Office,2024-11-20,50,2025-01-09
5786,USA,Business,Bengaluru_Office,2024-01-25,45,2024-03-10
5787,Brazil,Student,Mumbai_Office,2024-05-10,34,2024-06-13
5788,Germany,Tourist,Mumbai_Office,2024-12-18,29,2025-01-16
5789,USA,Tourist,Mumbai_Office,2024-07-14,30,2024-08-13
5790,Canada,Business,Mumbai_Office,2024-10-07,54,2024-11-30
5791,Canada,Tourist,Chennai_Office,2024-06-02,33,2024-07-05
5792,China,Work,Mumbai_Office,2024-05-12,93,2024-08-13
5793,UK,Work,Mumbai_Office,2024-08-14,86,2024-11-08
5794,Germany,Tourist,Mumbai_Office,2024-07-07,24,2024-07-31
5795,China,Tourist,Mumbai_Office,2024-09-21,25,2024-10-16
5796,UK,Business,Bengaluru_Office,2024-05-13,46,2024-06-28
5797,UK,Work,Mumbai_Office,2024-07-29,89,2024-10-26
5798,Canada,Work,Bengaluru_Office,2024-02-29,93,2024-06-01
5799,Brazil,Student,Chennai_Office,2024-12-29,30,2025-01-28
5800,India,Business,Delhi_Office,2024-12-29,46,2025-02-13
5801,Brazil,Student,Mumbai_Office,2024-07-31,39,2024-09-08
5802,India,Work,Delhi_Office,2024-08-03,91,2024-11-02
5803,USA,Business,Delhi_Office,2024-08-13,43,2024-09-25
5804,Canada,Tourist,Chennai_Office,2024-05-10,28,2024-06-07
5805,UK,Business,Delhi_Office,2024-03-16,53,2024-05-08
5806,Germany,Tourist,Bengaluru_Office,2024-10-12,31,2024-11-12
5807,India,Tourist,Delhi_Office,2024-10-03,30,2024-11-02
5808,Brazil,Business,Delhi_Office,2024-06-04,44,2024-07-18
5809,UK,Tourist,Delhi_Office,2024-09-04,23,2024-09-27
5810,India,Student,Mumbai_Office,2024-08-05,42,2024-09-16
5811,India,Work,Mumbai_Office,2024-07-08,91,2024-10-07
5812,India,Tourist,Bengaluru_Office,2024-06-11,23,2024-07-04
5813,Germany,Student,Bengaluru_Office,2024-06-28,44,2024-08-11
5814,Canada,Tourist,Mumbai_Office,2024-02-03,22,2024-02-25
5815,Germany,Work,Bengaluru_Office,2024-02-10,93,2024-05-13
5816,China,Student,Mumbai_Office,2024-11-02,40,2024-12-12
5817,UK,Work,Chennai_Office,2024-12-03,92,2025-03-05
5818,Canada,Work,Delhi_Office,2024-11-09,85,2025-02-02
5819,Canada,Student,Delhi_Office,2024-03-15,36,2024-04-20
5820,Canada,Student,Bengaluru_Office,2024-10-05,38,2024-11-12
5821,Brazil,Student,Mumbai_Office,2024-06-24,37,2024-07-31
5822,Canada,Business,Mumbai_Office,2024-05-29,47,2024-07-15
5823,Germany,Student,Bengaluru_Office,2024-09-29,42,2024-11-10
5824,Canada,Student,Mumbai_Office,2024-11-20,35,2024-12-25
5825,USA,Student,Chennai_Office,2024-04-17,40,2024-05-27
5826,UK,Student,Delhi_Office,2024-05-18,33,2024-06-20
5827,Canada,Tourist,Bengaluru_Office,2024-12-15,27,2025-01-11
5828,UK,Business,Bengaluru_Office,2024-09-27,42,2024-11-08
5829,USA,Work,Mumbai_Office,2024-12-12,97,2025-03-19
5830,USA,Student,Bengaluru_Office,2024-10-15,38,2024-11-22
5831,UK,Tourist,Chennai_Office,2024-07-30,32,2024-08-31
5832,India,Tourist,Mumbai_Office,2024-09-28,21,2024-10-19
5833,China,Tourist,Mumbai_Office,2024-03-06,21,2024-03-27
5834,Brazil,Work,Mumbai_Office,2024-09-04,96,2024-12-09
5835,India,Student,Mumbai_Office,2024-06-04,42,2024-07-16
5836,India,Business,Chennai_Office,2024-02-16,54,2024-04-10
5837,Germany,Business,Mumbai_Office,2024-07-19,51,2024-09-08
5838,Brazil,Tourist,Bengaluru_Office,2024-05-27,26,2024-06-22
5839,Brazil,Work,Chennai_Office,2024-05-03,96,2024-08-07
5840,India,Work,Delhi_Office,2024-01-01,94,2024-04-04
5841,Canada,Work,Delhi_Office,2024-09-03,88,2024-11-30
5842,Germany,Business,Bengaluru_Office,2024-12-08,49,2025-01-26
5843,Germany,Tourist,Bengaluru_Office,2024-05-07,27,2024-06-03
5844,USA,Student,Chennai_Office,2024-07-09,38,2024-08-16
5845,Brazil,Business,Delhi_Office,2024-03-07,46,2024-04-22
5846,India,Tourist,Delhi_Office,2024-01-04,24,2024-01-28
5847,USA,Tourist,Delhi_Office,2024-10-29,27,2024-11-25
5848,UK,Student,Delhi_Office,2024-10-20,33,2024-11-22
5849,China,Student,Delhi_Office,2024-05-22,31,2024-06-22
5850,Germany,Student,Mumbai_Office,2024-07-09,40,2024-08-18
5851,UK,Work,Bengaluru_Office,2024-01-21,99,2024-04-29
5852,UK,Student,Mumbai_Office,2024-08-14,41,2024-09-24
5853,Canada,Tourist,Delhi_Office,2024-11-08,25,2024-12-03
5854,China,Student,Chennai_Office,2024-04-26,38,2024-06-03
5855,UK,Tourist,Chennai_Office,2024-10-28,20,2024-11-17
5856,UK,Business,Delhi_Office,2024-05-21,50,2024-07-10
5857,China,Work,Delhi_Office,2024-02-08,94,2024-05-12
5858,China,Business,Chennai_Office,2024-12-20,51,2025-02-09
5859,UK,Business,Mumbai_Office,2024-09-08,46,2024-10-24
5860,China,Tourist,Mumbai_Office,2024-11-28,29,2024-12-27
5861,UK,Business,Delhi_Office,2024-07-25,48,2024-09-11
5862,UK,Tourist,Mumbai_Office,2024-07-28,29,2024-08-26
5863,Canada,Student,Chennai_Office,2024-04-24,38,2024-06-01
5864,India,Student,Mumbai_Office,2024-08-12,39,2024-09-20
5865,UK,Tourist,Delhi_Office,2024-05-13,30,2024-06-12
5866,USA,Student,Chennai_Office,2024-09-07,42,2024-10-19
5867,Germany,Work,Mumbai_Office,2024-08-06,87,2024-11-01
5868,Brazil,Business,Bengaluru_Office,2024-03-31,50,2024-05-20
5869,India,Work,Chennai_Office,2024-12-19,97,2025-03-26
5870,India,Business,Chennai_Office,2024-02-15,44,2024-03-30
5871,India,Student,Bengaluru_Office,2024-02-07,37,2024-03-15
5872,Canada,Work,Bengaluru_Office,2024-05-21,92,2024-08-21
5873,UK,Student,Chennai_Office,2024-04-09,33,2024-05-12
5874,Canada,Business,Bengaluru_Office,2024-11-23,54,2025-01-16
5875,UK,Tourist,Delhi_Office,2024-07-08,34,2024-08-11
5876,Canada,Tourist,Delhi_Office,2024-02-04,31,2024-03-06
5877,Canada,Work,Delhi_Office,2024-05-26,95,2024-08-29
5878,Germany,Student,Chennai_Office,2024-01-30,40,2024-03-10
5879,USA,Student,Bengaluru_Office,2024-11-29,30,2024-12-29
5880,Canada,Work,Bengaluru_Office,2024-03-24,85,2024-06-17
5881,Germany,Tourist,Mumbai_Office,2024-10-07,34,2024-11-10
5882,China,Business,Mumbai_Office,2024-12-09,43,2025-01-21
5883,USA,Work,Bengaluru_Office,2024-09-26,90,2024-12-25
5884,Canada,Business,Bengaluru_Office,2024-06-02,47,2024-07-19
5885,Brazil,Tourist,Bengaluru_Office,2024-04-11,25,2024-05-06
5886,India,Student,Chennai_Office,2024-08-02,41,2024-09-12
5887,China,Tourist,Bengaluru_Office,2024-05-29,28,2024-06-26
5888,China,Work,Mumbai_Office,2024-03-23,99,2024-06-30
5889,Germany,Student,Chennai_Office,2024-04-19,44,2024-06-02
5890,China,Work,Bengaluru_Office,2024-10-01,93,2025-01-02
5891,USA,Work,Mumbai_Office,2024-07-19,98,2024-10-25
5892,Canada,Tourist,Chennai_Office,2024-10-10,21,2024-10-31
5893,Canada,Work,Bengaluru_Office,2024-06-21,94,2024-09-23
5894,Brazil,Tourist,Bengaluru_Office,2024-11-22,20,2024-12-12
5895,India,Student,Bengaluru_Office,2024-07-24,31,2024-08-24
5896,Germany,Tourist,Chennai_Office,2024-03-03,24,2024-03-27
5897,India,Student,Mumbai_Office,2024-03-13,33,2024-04-15
5898,China,Tourist,Mumbai_Office,2024-09-07,23,2024-09-30
5899,Brazil,Business,Delhi_Office,2024-05-03,48,2024-06-20
5900,India,Business,Bengaluru_Office,2024-04-30,50,2024-06-19
5901,USA,Work,Delhi_Office,2024-10-01,92,2025-01-01
5902,Canada,Tourist,Delhi_Office,2024-04-29,25,2024-05-24
5903,China,Tourist,Mumbai_Office,2024-11-12,20,2024-12-02
5904,Brazil,Student,Chennai_Office,2024-06-12,31,2024-07-13
5905,India,Work,Chennai_Office,2024-10-12,90,2025-01-10
5906,Germany,Tourist,Mumbai_Office,2024-09-21,30,2024-10-21
5907,USA,Work,Chennai_Office,2024-11-15,86,2025-02-09
5908,USA,Business,Delhi_Office,2024-06-09,54,2024-08-02
5909,India,Tourist,Bengaluru_Office,2024-11-03,32,2024-12-05
5910,Canada,Tourist,Mumbai_Office,2024-03-29,29,2024-04-27
5911,India,Work,Bengaluru_Office,2024-05-21,89,2024-08-18
5912,China,Tourist,Chennai_Office,2024-07-21,33,2024-08-23
5913,India,Work,Bengaluru_Office,2024-11-04,89,2025-02-01
5914,USA,Tourist,Chennai_Office,2024-08-14,25,2024-09-08
5915,Brazil,Student,Chennai_Office,2024-11-29,35,2025-01-03
5916,India,Work,Delhi_Office,2024-08-09,98,2024-11-15
5917,Canada,Tourist,Chennai_Office,2024-02-10,25,2024-03-06
5918,Brazil,Business,Delhi_Office,2024-07-14,53,2024-09-05
5919,Germany,Tourist,Delhi_Office,2024-03-08,21,2024-03-29
5920,UK,Business,Delhi_Office,2024-09-20,53,2024-11-12
5921,India,Business,Mumbai_Office,2024-01-02,49,2024-02-20
5922,Canada,Student,Mumbai_Office,2024-12-26,43,2025-02-07
5923,Brazil,Work,Chennai_Office,2024-05-04,97,2024-08-09
5924,Canada,Tourist,Delhi_Office,2024-04-19,34,2024-05-23
5925,Germany,Student,Mumbai_Office,2024-03-26,43,2024-05-08
5926,USA,Tourist,Delhi_Office,2024-04-29,22,2024-05-21
5927,Canada,Business,Bengaluru_Office,2024-05-06,53,2024-06-28
5928,Brazil,Work,Bengaluru_Office,2024-09-11,90,2024-12-10
5929,Canada,Tourist,Bengaluru_Office,2024-07-01,32,2024-08-02
5930,Canada,Tourist,Chennai_Office,2024-01-16,27,2024-02-12
5931,Canada,Business,Delhi_Office,2024-03-02,51,2024-04-22
5932,China,Tourist,Bengaluru_Office,2024-06-06,32,2024-07-08
5933,China,Tourist,Mumbai_Office,2024-09-24,30,2024-10-24
5934,USA,Business,Bengaluru_Office,2024-02-04,51,2024-03-26
5935,India,Student,Bengaluru_Office,2024-09-23,30,2024-10-23
5936,Canada,Business,Bengaluru_Office,2024-03-04,40,2024-04-13
5937,Germany,Student,Chennai_Office,2024-02-19,40,2024-03-30
5938,India,Work,Mumbai_Office,2024-09-11,97,2024-12-17
5939,Germany,Student,Delhi_Office,2024-05-28,31,2024-06-28
5940,India,Student,Mumbai_Office,2024-11-20,40,2024-12-30
5941,USA,Work,Delhi_Office,2024-10-30,99,2025-02-06
5942,Canada,Student,Chennai_Office,2024-10-02,41,2024-11-12
5943,Canada,Business,Chennai_Office,2024-12-22,51,2025-02-11
5944,UK,Student,Chennai_Office,2024-06-20,35,2024-07-25
5945,Germany,Work,Chennai_Office,2024-07-19,93,2024-10-20
5946,India,Business,Delhi_Office,2024-11-19,43,2025-01-01
5947,India,Work,Bengaluru_Office,2024-02-04,87,2024-05-01
5948,China,Work,Delhi_Office,2024-08-03,96,2024-11-07
5949,UK,Tourist,Mumbai_Office,2024-03-05,27,2024-04-01
5950,Brazil,Tourist,Chennai_Office,2024-01-08,30,2024-02-07
5951,Brazil,Work,Chennai_Office,2024-10-27,94,2025-01-29
5952,China,Work,Mumbai_Office,2024-12-08,98,2025-03-16
5953,China,Work,Delhi_Office,2024-11-27,93,2025-02-28
5954,China,Tourist,Bengaluru_Office,2024-03-16,31,2024-04-16
5955,Germany,Tourist,Bengaluru_Office,2024-06-22,30,2024-07-22
5956,Germany,Student,Mumbai_Office,2024-02-16,34,2024-03-21
5957,USA,Student,Bengaluru_Office,2024-01-15,38,2024-02-22
5958,USA,Work,Delhi_Office,2024-12-26,86,2025-03-22
5959,China,Business,Delhi_Office,2024-05-26,42,2024-07-07
5960,UK,Business,Mumbai_Office,2024-01-26,46,2024-03-12
5961,India,Tourist,Delhi_Office,2024-11-03,26,2024-11-29
5962,Germany,Tourist,Chennai_Office,2024-04-02,25,2024-04-27
5963,UK,Tourist,Mumbai_Office,2024-08-19,25,2024-09-13
5964,Canada,Work,Delhi_Office,2024-01-21,86,2024-04-16
5965,Germany,Business,Mumbai_Office,2024-11-02,49,2024-12-21
5966,Germany,Student,Bengaluru_Office,2024-02-07,35,2024-03-13
5967,USA,Work,Delhi_Office,2024-10-02,88,2024-12-29
5968,India,Student,Chennai_Office,2024-06-05,41,2024-07-16
5969,India,Student,Delhi_Office,2024-06-27,32,2024-07-29
5970,Brazil,Work,Mumbai_Office,2024-05-11,97,2024-08-16
5971,Brazil,Student,Mumbai_Office,2024-11-06,40,2024-12-16
5972,Brazil,Business,Delhi_Office,2024-12-13,52,2025-02-03
5973,Brazil,Student,Chennai_Office,2024-01-28,31,2024-02-28
5974,Canada,Business,Chennai_Office,2024-09-16,40,2024-10-26
5975,Canada,Business,Chennai_Office,2024-03-16,50,2024-05-05
5976,Germany,Business,Mumbai_Office,2024-03-07,50,2024-04-26
5977,China,Tourist,Delhi_Office,2024-12-07,24,2024-12-31
5978,USA,Student,Bengaluru_Office,2024-07-12,31,2024-08-12
5979,USA,Work,Mumbai_Office,2024-06-10,86,2024-09-04
5980,Brazil,Work,Chennai_Office,2024-12-12,91,2025-03-13
5981,Germany,Student,Delhi_Office,2024-12-26,37,2025-02-01
5982,UK,Tourist,Chennai_Office,2024-09-13,32,2024-10-15
5983,China,Tourist,Bengaluru_Office,2024-03-12,29,2024-04-10
5984,Germany,Business,Chennai_Office,2024-03-27,47,2024-05-13
5985,China,Student,Chennai_Office,2024-09-18,43,2024-10-31
5986,China,Student,Bengaluru_Office,2024-08-01,33,2024-09-03
5987,China,Work,Delhi_Office,2024-06-01,99,2024-09-08
5988,Germany,Student,Mumbai_Office,2024-07-28,43,2024-09-09
5989,Brazil,Tourist,Delhi_Office,2024-03-01,20,2024-03-21
5990,USA,Student,Bengaluru_Office,2024-09-24,40,2024-11-03
5991,USA,Work,Chennai_Office,2024-09-18,91,2024-12-18
5992,Brazil,Business,Delhi_Office,2024-08-05,40,2024-09-14
5993,China,Work,Mumbai_Office,2024-10-09,95,2025-01-12
5994,UK,Work,Bengaluru_Office,2024-05-15,88,2024-08-11
5995,India,Business,Delhi_Office,2024-12-27,47,2025-02-12
5996,Germany,Work,Mumbai_Office,2024-04-02,86,2024-06-27
5997,India,Work,Bengaluru_Office,2024-04-18,90,2024-07-17
5998,Brazil,Student,Mumbai_Office,2024-08-28,42,2024-10-09
5999,UK,Student,Bengaluru_Office,2024-12-20,35,2025-01-24
6000,Germany,Business,Chennai_Office,2024-05-21,51,2024-07-11
