application_id,submission_date,decision_date,visa_type,applicant_country,processing_office,status
1,2024-02-02,2024-03-21,Work,Germany,Berlin,Denied
2,2024-10-09,2024-11-17,Student,Brazil,Tokyo,Certified
3,2024-08-26,2024-10-10,Tourist,Brazil,Mumbai,Denied
4,2024-06-09,2024-07-09,Business,India,Tokyo,Certified
5,2024-06-07,2024-07-16,Student,Germany,SaoPaulo,Certified
6,2024-11-09,2024-12-14,Work,Nepal,Berlin,Certified
7,2024-02-01,2024-02-29,Student,Nigeria,Mumbai,Certified
8,2024-09-11,2024-10-31,Work,Japan,Berlin,Denied
9,2024-03-14,2024-05-04,Business,Germany,SaoPaulo,Denied
10,2024-02-04,2024-03-08,Business,Nigeria,Delhi,Certified
11,2024-07-11,2024-08-17,Tourist,Japan,SaoPaulo,Certified
12,2024-12-22,2025-02-13,Work,Nepal,Berlin,Denied
13,2024-09-25,2024-11-22,Business,Japan,SaoPaulo,Denied
14,2024-10-04,2024-11-12,Work,Nigeria,Tokyo,Certified
15,2024-09-18,2024-11-07,Tourist,Brazil,Tokyo,Denied
16,2024-10-13,2024-12-04,Tourist,Nepal,SaoPaulo,Denied
17,2024-07-06,2024-08-12,Tourist,Germany,Delhi,Certified
18,2024-02-16,2024-03-19,Tourist,Japan,Berlin,Certified
19,2024-11-02,2024-12-08,Business,Germany,Delhi,Certified
20,2024-06-13,2024-07-31,Business,India,Mumbai,Denied
21,2024-07-01,2024-08-24,Work,Brazil,Delhi,Denied
22,2024-05-15,2024-07-02,Work,Germany,Tokyo,Denied
23,2024-03-07,2024-04-07,Business,Brazil,Tokyo,Certified
24,2024-12-04,2025-01-18,Student,Germany,Tokyo,Denied
25,2024-10-12,2024-11-18,Student,Germany,Delhi,Certified
26,2024-08-23,2024-10-21,Work,India,Mumbai,Denied
27,2024-05-26,2024-06-22,Student,Nigeria,Tokyo,Certified
28,2024-10-27,2024-11-25,Tourist,Nepal,SaoPaulo,Certified
29,2024-07-18,2024-09-05,Work,Brazil,SaoPaulo,Denied
30,2024-06-10,2024-08-03,Business,Brazil,Delhi,Denied
31,2024-06-13,2024-07-28,Tourist,Germany,Berlin,Denied
32,2024-03-23,2024-04-27,Tourist,Japan,Delhi,Certified
33,2024-02-03,2024-03-17,Student,Brazil,SaoPaulo,Certified
34,2024-07-21,2024-08-30,Business,Nigeria,Delhi,Certified
35,2024-11-20,2025-01-08,Work,Nigeria,SaoPaulo,Denied
36,2024-01-24,2024-02-22,Work,Nigeria,Delhi,Certified
37,2024-11-09,2024-12-19,Work,Nigeria,Delhi,Certified
38,2024-10-29,2024-11-27,Student,Germany,SaoPaulo,Certified
39,2024-04-11,2024-05-13,Work,Japan,Berlin,Certified
40,2024-08-18,2024-10-08,Tourist,Germany,Berlin,Denied
41,2024-03-01,2024-04-07,Tourist,India,Tokyo,Certified
42,2024-10-03,2024-10-30,Business,Brazil,Mumbai,Certified
43,2024-09-12,2024-11-07,Work,Brazil,Tokyo,Denied
44,2024-05-09,2024-06-19,Tourist,Nigeria,Berlin,Certified
45,2024-01-25,2024-03-05,Student,Nigeria,Mumbai,Certified
46,2024-12-20,2025-01-31,Tourist,Germany,Mumbai,Certified
47,2024-06-11,2024-07-27,Work,Brazil,Delhi,Denied
48,2024-11-21,2025-01-04,Business,Nepal,Mumbai,Certified
49,2024-09-04,2024-10-12,Student,Brazil,Berlin,Certified
50,2024-10-11,2024-11-14,Student,Japan,Delhi,Certified
51,2024-10-04,2024-11-21,Tourist,Nepal,Delhi,Denied
52,2024-03-12,2024-04-14,Student,India,Tokyo,Certified
53,2024-05-12,2024-06-04,Student,Japan,Berlin,Certified
54,2024-06-19,2024-08-22,Tourist,Nepal,Delhi,Denied
55,2024-06-30,2024-08-29,Student,Nigeria,Tokyo,Denied
56,2024-01-16,2024-02-25,Business,Germany,Tokyo,Certified
57,2024-07-18,2024-08-19,Business,Nepal,Delhi,Certified
58,2024-02-26,2024-04-07,Student,Brazil,Mumbai,Certified
59,2024-09-28,2024-11-16,Business,Nepal,Mumbai,Denied
60,2024-09-06,2024-10-26,Tourist,India,Tokyo,Denied
61,2024-12-02,2025-01-06,Business,India,Delhi,Certified
62,2024-09-28,2024-11-26,Student,Nepal,SaoPaulo,Denied
63,2024-05-13,2024-06-19,Work,Brazil,Mumbai,Certified
64,2024-12-19,2025-01-20,Tourist,Nigeria,Delhi,Certified
65,2024-05-29,2024-07-15,Business,India,SaoPaulo,Denied
66,2024-04-28,2024-06-25,Student,Japan,Delhi,Denied
67,2024-11-26,2025-01-04,Business,Germany,Delhi,Certified
68,2024-05-15,2024-06-26,Tourist,India,SaoPaulo,Certified
69,2024-01-28,2024-03-04,Work,Japan,Berlin,Certified
70,2024-06-20,2024-08-16,Tourist,India,Berlin,Denied
71,2024-10-17,2024-11-13,Business,Nigeria,Tokyo,Certified
72,2024-03-10,2024-04-15,Student,Brazil,Tokyo,Certified
73,2024-06-17,2024-07-29,Work,Nigeria,Tokyo,Certified
74,2024-02-17,2024-04-08,Business,Japan,Delhi,Denied
75,2024-09-07,2024-10-22,Work,Japan,Berlin,Denied
76,2024-06-22,2024-08-23,Tourist,Nepal,Mumbai,Denied
77,2024-04-30,2024-05-30,Tourist,Nigeria,SaoPaulo,Certified
78,2024-03-23,2024-05-09,Tourist,Japan,Berlin,Denied
79,2024-07-25,2024-09-13,Business,Germany,Delhi,Denied
80,2024-09-01,2024-10-18,Business,Japan,SaoPaulo,Denied
81,2024-12-09,2025-01-19,Student,Brazil,Mumbai,Certified
82,2024-06-08,2024-07-31,Business,Nepal,Mumbai,Denied
83,2024-02-28,2024-03-31,Tourist,Nigeria,SaoPaulo,Certified
84,2024-10-30,2024-12-05,Work,Germany,Tokyo,Certified
85,2024-08-17,2024-10-01,Student,Japan,SaoPaulo,Denied
86,2024-09-12,2024-10-19,Tourist,Germany,Tokyo,Certified
87,2024-02-05,2024-03-07,Student,Germany,SaoPaulo,Certified
88,2024-04-24,2024-06-07,Student,Nigeria,Delhi,Certified
89,2024-10-07,2024-11-07,Student,Nepal,Berlin,Certified
90,2024-10-30,2024-11-28,Tourist,Brazil,Mumbai,Certified
91,2024-06-07,2024-07-29,Student,Brazil,Mumbai,Denied
92,2024-10-20,2024-11-30,Tourist,Germany,Mumbai,Certified
93,2024-11-03,2024-11-25,Business,Nigeria,Mumbai,Certified
94,2024-05-21,2024-07-10,Student,Germany,Berlin,Denied
95,2024-11-23,2024-12-31,Tourist,India,SaoPaulo,Certified
96,2024-04-15,2024-05-21,Work,Germany,Tokyo,Certified
97,2024-03-28,2024-05-03,Business,Nigeria,Mumbai,Certified
98,2024-09-06,2024-10-27,Student,Japan,Berlin,Denied
99,2024-08-20,2024-10-10,Business,Brazil,Berlin,Denied
100,2024-02-21,2024-04-16,Work,Brazil,Mumbai,Denied
101,2024-10-30,2024-12-07,Work,India,Berlin,Certified
102,2024-03-13,2024-04-27,Student,Germany,Tokyo,Denied
103,2024-10-20,2024-12-02,Tourist,Germany,Mumbai,Certified
104,2024-01-03,2024-02-20,Student,Japan,Berlin,Denied
105,2024-10-17,2024-11-29,Business,India,Tokyo,Certified
106,2024-10-14,2024-12-01,Business,Nepal,Berlin,Denied
107,2024-10-11,2024-11-18,Business,Japan,Mumbai,Certified
108,2024-08-30,2024-10-08,Business,India,Berlin,Certified
109,2024-06-21,2024-08-06,Student,Nigeria,Tokyo,Denied
110,2024-09-14,2024-11-02,Student,Brazil,Mumbai,Denied
111,2024-04-11,2024-05-24,Business,Japan,Berlin,Certified
112,2024-10-11,2024-11-15,Work,Japan,Tokyo,Certified
113,2024-07-21,2024-08-28,Student,Japan,Mumbai,Certified
114,2024-06-16,2024-08-09,Student,Nepal,Mumbai,Denied
115,2024-07-03,2024-08-12,Business,Nigeria,SaoPaulo,Certified
116,2024-07-26,2024-09-20,Tourist,Germany,Mumbai,Denied
117,2024-01-14,2024-02-05,Tourist,Japan,Berlin,Certified
118,2024-02-21,2024-04-03,Work,India,Delhi,Certified
119,2024-03-30,2024-05-06,Tourist,Japan,SaoPaulo,Certified
120,2024-02-11,2024-03-01,Tourist,Brazil,Berlin,Certified
121,2024-06-09,2024-07-23,Business,India,Tokyo,Certified
122,2024-08-31,2024-10-14,Student,Nigeria,Tokyo,Certified
123,2024-08-26,2024-10-07,Work,Germany,Mumbai,Certified
124,2024-06-20,2024-08-10,Student,India,Mumbai,Denied
125,2024-11-08,2024-12-13,Tourist,India,Tokyo,Certified
126,2024-07-25,2024-09-02,Tourist,Japan,SaoPaulo,Certified
127,2024-01-29,2024-03-12,Business,Japan,Delhi,Certified
128,2024-10-06,2024-11-21,Tourist,India,SaoPaulo,Denied
129,2024-07-28,2024-09-09,Work,Japan,SaoPaulo,Certified
130,2024-08-19,2024-09-26,Student,Japan,Delhi,Certified
131,2024-07-25,2024-09-15,Student,Japan,Delhi,Denied
132,2024-07-21,2024-08-31,Business,Nepal,Tokyo,Certified
133,2024-02-03,2024-03-23,Work,Nigeria,SaoPaulo,Denied
134,2024-07-23,2024-09-08,Work,Japan,Mumbai,Denied
135,2024-10-17,2024-11-28,Student,Japan,Tokyo,Certified
136,2024-04-20,2024-05-30,Student,Nigeria,SaoPaulo,Certified
137,2024-08-08,2024-09-19,Work,Nepal,Mumbai,Certified
138,2024-01-12,2024-02-18,Tourist,India,Mumbai,Certified
139,2024-05-06,2024-06-01,Tourist,Nepal,SaoPaulo,Certified
140,2024-06-08,2024-07-14,Work,India,Mumbai,Certified
141,2024-12-24,2025-02-10,Work,Nepal,Berlin,Denied
142,2024-03-19,2024-04-25,Tourist,India,Berlin,Certified
143,2024-04-10,2024-05-08,Business,Germany,Berlin,Certified
144,2024-05-29,2024-07-01,Work,Nigeria,Mumbai,Certified
145,2024-12-28,2025-02-17,Tourist,Nigeria,Tokyo,Denied
146,2024-11-07,2024-12-01,Business,Germany,Tokyo,Certified
147,2024-01-13,2024-02-12,Business,Brazil,Mumbai,Certified
148,2024-03-26,2024-04-27,Student,Brazil,Berlin,Certified
149,2024-10-26,2024-12-13,Student,Nepal,Delhi,Denied
150,2024-01-22,2024-03-04,Student,Brazil,Mumbai,Certified
151,2024-11-08,2024-12-28,Work,Nepal,SaoPaulo,Denied
152,2024-04-12,2024-05-11,Tourist,Nigeria,Berlin,Certified
153,2024-11-30,2025-01-05,Student,Japan,Tokyo,Certified
154,2024-04-17,2024-05-25,Tourist,Nigeria,SaoPaulo,Certified
155,2024-06-07,2024-07-23,Tourist,Nepal,Tokyo,Denied
156,2024-08-29,2024-10-15,Student,Germany,Tokyo,Denied
157,2024-02-16,2024-03-23,Work,Germany,Tokyo,Certified
158,2024-07-22,2024-09-09,Business,Brazil,Berlin,Denied
159,2024-07-03,2024-08-26,Tourist,Nepal,Tokyo,Denied
160,2024-10-13,2024-11-27,Tourist,Germany,Mumbai,Denied
161,2024-12-29,2025-02-11,Student,Nepal,SaoPaulo,Certified
162,2024-08-30,2024-10-06,Work,Japan,Delhi,Certified
163,2024-05-29,2024-06-19,Business,Nepal,SaoPaulo,Certified
164,2024-05-28,2024-07-06,Work,Brazil,SaoPaulo,Certified
165,2024-06-01,2024-08-02,Work,Germany,Delhi,Denied
166,2024-10-24,2024-11-26,Tourist,India,Tokyo,Certified
167,2024-04-27,2024-05-23,Tourist,Nepal,SaoPaulo,Certified
168,2024-03-01,2024-04-09,Tourist,India,Berlin,Certified
169,2024-05-02,2024-06-20,Work,Brazil,Mumbai,Denied
170,2024-01-09,2024-03-02,Student,Nigeria,SaoPaulo,Denied
171,2024-02-08,2024-03-24,Tourist,Nepal,Berlin,Denied
172,2024-02-02,2024-03-07,Work,Brazil,Delhi,Certified
173,2024-10-08,2024-11-11,Business,Germany,Mumbai,Certified
174,2024-09-20,2024-11-12,Student,Japan,Tokyo,Denied
175,2024-09-11,2024-10-22,Business,India,Berlin,Certified
176,2024-06-17,2024-08-02,Work,Nigeria,Mumbai,Denied
177,2024-09-18,2024-11-12,Work,India,Tokyo,Denied
178,2024-02-28,2024-04-15,Business,Nigeria,Delhi,Denied
179,2024-11-24,2025-01-15,Tourist,Japan,Mumbai,Denied
180,2024-07-01,2024-08-08,Business,Germany,Berlin,Certified
181,2024-12-08,2025-01-29,Business,Nepal,Delhi,Denied
182,2024-02-25,2024-04-05,Business,Nepal,Mumbai,Certified
183,2024-06-30,2024-08-21,Work,Germany,SaoPaulo,Denied
184,2024-09-11,2024-11-06,Business,Germany,SaoPaulo,Denied
185,2024-06-29,2024-08-20,Business,Nepal,SaoPaulo,Denied
186,2024-06-11,2024-07-25,Business,India,Mumbai,Certified
187,2024-03-01,2024-04-14,Business,Brazil,Delhi,Certified
188,2024-05-19,2024-06-30,Business,Nigeria,SaoPaulo,Certified
189,2024-03-28,2024-04-25,Student,Brazil,Mumbai,Certified
190,2024-04-20,2024-05-24,Work,Japan,Tokyo,Certified
191,2024-09-06,2024-10-12,Student,Germany,Delhi,Certified
192,2024-08-18,2024-09-20,Business,Germany,Tokyo,Certified
193,2024-08-09,2024-09-29,Business,India,Berlin,Denied
194,2024-05-12,2024-07-08,Business,Japan,SaoPaulo,Denied
195,2024-12-16,2025-02-07,Work,Germany,Delhi,Denied
196,2024-02-01,2024-03-12,Student,Brazil,Berlin,Certified
197,2024-05-05,2024-06-24,Tourist,Nigeria,SaoPaulo,Denied
198,2024-02-13,2024-03-22,Work,Germany,Mumbai,Certified
199,2024-05-03,2024-06-15,Work,Japan,Tokyo,Certified
200,2024-12-17,2025-01-29,Work,Nigeria,Delhi,Certified
201,2024-05-13,2024-06-22,Work,India,Tokyo,Certified
202,2024-11-27,2025-01-09,Business,Nigeria,Mumbai,Certified
203,2024-06-29,2024-08-03,Tourist,Germany,Berlin,Certified
204,2024-09-12,2024-11-02,Student,India,SaoPaulo,Denied
205,2024-06-15,2024-07-29,Work,Germany,Tokyo,Certified
206,2024-04-07,2024-05-27,Business,Nepal,Berlin,Denied
207,2024-10-05,2024-11-15,Business,Japan,Delhi,Certified
208,2024-12-19,2025-01-27,Business,Nigeria,Mumbai,Certified
209,2024-04-06,2024-05-12,Business,Nepal,SaoPaulo,Certified
210,2024-10-11,2024-11-20,Business,India,Mumbai,Certified
211,2024-04-05,2024-05-14,Work,India,Tokyo,Certified
212,2024-09-18,2024-10-25,Tourist,Germany,Berlin,Certified
213,2024-10-14,2024-11-22,Work,Brazil,Mumbai,Certified
214,2024-06-13,2024-07-20,Work,Japan,Tokyo,Certified
215,2024-09-25,2024-11-02,Tourist,Nepal,Mumbai,Certified
216,2024-04-09,2024-05-28,Business,Japan,Mumbai,Denied
217,2024-01-29,2024-03-16,Work,Japan,Berlin,Denied
218,2024-02-05,2024-03-06,Business,India,Tokyo,Certified
219,2024-06-12,2024-08-02,Tourist,Nigeria,SaoPaulo,Denied
220,2024-11-25,2025-01-11,Business,Japan,Tokyo,Denied
221,2024-02-16,2024-04-05,Student,Nepal,Tokyo,Denied
222,2024-06-15,2024-08-08,Work,India,Tokyo,Denied
223,2024-09-13,2024-11-05,Work,Japan,Mumbai,Denied
224,2024-03-14,2024-04-14,Work,Brazil,Mumbai,Certified
225,2024-09-20,2024-10-28,Business,India,Berlin,Certified
226,2024-04-21,2024-05-28,Tourist,Japan,Tokyo,Certified
227,2024-10-22,2024-11-29,Work,Germany,Tokyo,Certified
228,2024-07-30,2024-09-22,Business,India,Delhi,Denied
229,2024-07-18,2024-09-10,Tourist,Nepal,Tokyo,Denied
230,2024-03-05,2024-04-14,Student,India,Mumbai,Certified
231,2024-06-18,2024-07-25,Student,Japan,SaoPaulo,Certified
232,2024-11-08,2024-12-12,Work,India,Tokyo,Certified
233,2024-01-08,2024-02-14,Business,Germany,SaoPaulo,Certified
234,2024-10-03,2024-11-06,Business,Nigeria,Tokyo,Certified
235,2024-06-28,2024-08-05,Business,Nigeria,Berlin,Certified
236,2024-09-19,2024-11-07,Student,Germany,Delhi,Denied
237,2024-08-30,2024-10-13,Work,Japan,Mumbai,Certified
238,2024-06-06,2024-07-24,Tourist,India,SaoPaulo,Denied
239,2024-04-22,2024-06-04,Student,India,Mumbai,Certified
240,2024-08-16,2024-10-04,Tourist,India,Delhi,Denied
241,2024-02-21,2024-04-01,Tourist,Germany,Mumbai,Certified
242,2024-08-01,2024-09-22,Business,Nigeria,Berlin,Denied
243,2024-02-04,2024-03-01,Business,India,Tokyo,Certified
244,2024-08-25,2024-09-30,Work,Nepal,SaoPaulo,Certified
245,2024-08-17,2024-10-06,Tourist,Nigeria,SaoPaulo,Denied
246,2024-01-31,2024-03-07,Tourist,Germany,Berlin,Certified
247,2024-10-03,2024-10-31,Tourist,Brazil,Berlin,Certified
248,2024-05-31,2024-07-01,Work,Japan,SaoPaulo,Certified
249,2024-10-14,2024-11-21,Tourist,Japan,Delhi,Certified
250,2024-01-16,2024-02-22,Student,Germany,Berlin,Certified
251,2024-03-06,2024-04-10,Business,Brazil,Berlin,Certified
252,2024-06-29,2024-08-19,Business,Japan,Tokyo,Denied
253,2024-03-09,2024-04-07,Business,Germany,SaoPaulo,Certified
254,2024-04-30,2024-06-06,Student,Nigeria,Tokyo,Certified
255,2024-08-29,2024-10-24,Work,Brazil,Tokyo,Denied
256,2024-02-22,2024-03-27,Tourist,Germany,Tokyo,Certified
257,2024-09-04,2024-10-26,Business,Nigeria,Berlin,Denied
258,2024-02-07,2024-03-16,Tourist,Nepal,Mumbai,Certified
259,2024-03-04,2024-04-06,Work,Japan,Mumbai,Certified
260,2024-08-02,2024-09-14,Work,India,Tokyo,Certified
261,2024-10-16,2024-12-02,Business,Germany,Tokyo,Denied
262,2024-03-03,2024-04-24,Student,Nigeria,Mumbai,Denied
263,2024-04-19,2024-05-22,Tourist,Nigeria,SaoPaulo,Certified
264,2024-12-03,2025-01-27,Business,India,SaoPaulo,Denied
265,2024-12-27,2025-02-06,Work,Brazil,Tokyo,Certified
266,2024-07-31,2024-09-29,Student,Japan,Mumbai,Denied
267,2024-06-12,2024-08-01,Student,Nepal,SaoPaulo,Denied
268,2024-05-06,2024-06-21,Student,Germany,Mumbai,Denied
269,2024-08-11,2024-09-23,Student,Japan,Berlin,Certified
270,2024-08-03,2024-10-07,Student,Japan,SaoPaulo,Denied
271,2024-04-17,2024-05-26,Student,Nigeria,Berlin,Certified
272,2024-01-09,2024-02-08,Student,Nepal,Mumbai,Certified
273,2024-02-25,2024-04-05,Tourist,Germany,Delhi,Certified
274,2024-12-15,2025-01-28,Business,Brazil,Mumbai,Certified
275,2024-06-01,2024-07-10,Tourist,Nigeria,Tokyo,Certified
276,2024-06-25,2024-08-12,Tourist,Germany,Tokyo,Denied
277,2024-06-19,2024-08-04,Tourist,Germany,Mumbai,Denied
278,2024-10-12,2024-11-24,Business,Nepal,Delhi,Certified
279,2024-01-24,2024-03-09,Student,Germany,Tokyo,Denied
280,2024-01-31,2024-03-19,Student,Nigeria,Delhi,Denied
281,2024-04-10,2024-05-17,Student,Japan,Delhi,Certified
282,2024-06-26,2024-08-06,Tourist,Nigeria,Berlin,Certified
283,2024-09-01,2024-10-21,Student,Japan,Berlin,Denied
284,2024-06-28,2024-08-07,Tourist,Japan,Mumbai,Certified
285,2024-06-10,2024-07-19,Business,Japan,Mumbai,Certified
286,2024-12-08,2025-01-26,Tourist,Germany,Mumbai,Denied
287,2024-02-28,2024-04-05,Student,Nigeria,Mumbai,Certified
288,2024-07-27,2024-09-03,Business,India,Delhi,Certified
289,2024-07-16,2024-09-05,Business,Brazil,Delhi,Denied
290,2024-06-21,2024-07-24,Work,Brazil,Mumbai,Certified
291,2024-10-21,2024-11-26,Tourist,Germany,Delhi,Certified
292,2024-04-07,2024-05-11,Student,Nigeria,Mumbai,Certified
293,2024-12-14,2025-02-02,Tourist,Brazil,Berlin,Denied
294,2024-05-01,2024-06-17,Work,India,Delhi,Denied
295,2024-07-17,2024-08-21,Student,Germany,Tokyo,Certified
296,2024-07-09,2024-09-02,Work,Brazil,Tokyo,Denied
297,2024-11-06,2024-12-19,Work,India,Berlin,Certified
298,2024-06-09,2024-07-12,Business,Nepal,Tokyo,Certified
299,2024-04-13,2024-05-17,Student,Japan,SaoPaulo,Certified
300,2024-01-08,2024-02-20,Business,India,Delhi,Certified
301,2024-05-12,2024-06-20,Student,Brazil,Delhi,Certified
302,2024-10-28,2024-12-01,Work,Nigeria,Mumbai,Certified
303,2024-01-04,2024-02-10,Work,India,Tokyo,Certified
304,2024-11-23,2025-01-01,Business,India,SaoPaulo,Certified
305,2024-07-17,2024-09-09,Student,Japan,SaoPaulo,Denied
306,2024-02-21,2024-03-23,Business,Nigeria,Berlin,Certified
307,2024-04-20,2024-05-19,Student,Nepal,Berlin,Certified
308,2024-07-21,2024-09-02,Student,Nepal,Berlin,Certified
309,2024-04-25,2024-06-02,Student,Brazil,Delhi,Certified
310,2024-02-09,2024-04-02,Work,Germany,Berlin,Denied
311,2024-08-31,2024-10-15,Work,Germany,Berlin,Denied
312,2024-09-02,2024-10-04,Tourist,Nepal,Mumbai,Certified
313,2024-02-13,2024-03-14,Business,Germany,Tokyo,Certified
314,2024-04-12,2024-05-10,Business,Japan,SaoPaulo,Certified
315,2024-03-30,2024-04-27,Tourist,Nepal,Mumbai,Certified
316,2024-08-28,2024-10-13,Business,India,SaoPaulo,Denied
317,2024-09-23,2024-11-12,Work,Japan,Delhi,Denied
318,2024-09-22,2024-11-04,Tourist,Nigeria,SaoPaulo,Certified
319,2024-12-08,2025-01-25,Student,Germany,Tokyo,Denied
320,2024-10-07,2024-11-11,Business,Nepal,Mumbai,Certified
321,2024-04-27,2024-05-26,Student,Nepal,Tokyo,Certified
322,2024-02-09,2024-03-20,Business,Nepal,Mumbai,Certified
323,2024-08-12,2024-09-20,Student,Nepal,Tokyo,Certified
324,2024-11-30,2025-01-08,Tourist,Brazil,Delhi,Certified
325,2024-12-21,2025-02-07,Student,India,Mumbai,Denied
326,2024-03-25,2024-04-26,Work,Japan,Mumbai,Certified
327,2024-03-27,2024-05-22,Work,Nigeria,Delhi,Denied
328,2024-01-14,2024-02-18,Business,Japan,Mumbai,Certified
329,2024-02-21,2024-04-07,Tourist,Nigeria,Tokyo,Denied
330,2024-07-21,2024-09-04,Business,Nepal,Tokyo,Denied
331,2024-07-18,2024-08-18,Work,Nigeria,Berlin,Certified
332,2024-05-15,2024-06-18,Tourist,India,Delhi,Certified
333,2024-04-23,2024-05-20,Business,Germany,Mumbai,Certified
334,2024-10-29,2024-12-02,Student,Germany,SaoPaulo,Certified
335,2024-06-16,2024-08-06,Work,India,Mumbai,Denied
336,2024-10-22,2024-11-30,Work,Nigeria,Delhi,Certified
337,2024-12-17,2025-01-30,Tourist,Nigeria,Berlin,Certified
338,2024-04-25,2024-06-05,Tourist,Nepal,Delhi,Certified
339,2024-03-14,2024-05-03,Work,India,Mumbai,Denied
340,2024-12-13,2025-02-01,Student,Germany,SaoPaulo,Denied
341,2024-08-19,2024-10-09,Tourist,Nepal,Mumbai,Denied
342,2024-04-16,2024-06-08,Tourist,Nigeria,Tokyo,Denied
343,2024-08-14,2024-09-18,Business,Nepal,Berlin,Certified
344,2024-07-06,2024-08-12,Tourist,Nigeria,Mumbai,Certified
345,2024-11-26,2025-01-02,Tourist,India,Tokyo,Certified
346,2024-04-03,2024-05-18,Work,Brazil,Berlin,Denied
347,2024-12-27,2025-02-08,Tourist,Nigeria,Mumbai,Certified
348,2024-12-07,2025-01-17,Work,Brazil,Mumbai,Certified
349,2024-03-06,2024-04-22,Work,Nigeria,SaoPaulo,Denied
350,2024-03-01,2024-04-07,Work,Nepal,Delhi,Certified
351,2024-07-13,2024-09-05,Student,Brazil,SaoPaulo,Denied
352,2024-01-17,2024-02-23,Business,Germany,Berlin,Certified
353,2024-04-19,2024-05-25,Work,Brazil,SaoPaulo,Certified
354,2024-06-07,2024-07-23,Student,India,Mumbai,Denied
355,2024-12-19,2025-02-09,Tourist,Japan,Berlin,Denied
356,2024-12-28,2025-02-20,Student,Germany,Tokyo,Denied
357,2024-02-25,2024-04-16,Tourist,Germany,Mumbai,Denied
358,2024-11-21,2025-01-01,Tourist,Germany,Mumbai,Certified
359,2024-02-03,2024-03-13,Student,Germany,Berlin,Certified
360,2024-09-30,2024-11-16,Tourist,Germany,Tokyo,Denied
361,2024-11-04,2024-12-16,Tourist,Nigeria,Mumbai,Certified
362,2024-11-21,2025-01-06,Student,India,Tokyo,Denied
363,2024-03-22,2024-05-08,Work,Nigeria,Tokyo,Denied
364,2024-11-22,2024-12-31,Tourist,Nepal,Delhi,Certified
365,2024-02-12,2024-03-25,Student,Germany,SaoPaulo,Certified
366,2024-07-08,2024-08-20,Tourist,Brazil,Delhi,Certified
367,2024-06-20,2024-08-10,Tourist,Japan,Tokyo,Denied
368,2024-04-25,2024-06-03,Tourist,Nigeria,Berlin,Certified
369,2024-01-09,2024-02-12,Student,Nigeria,Tokyo,Certified
370,2024-10-08,2024-11-24,Work,Japan,Tokyo,Denied
371,2024-05-02,2024-05-23,Business,Brazil,Tokyo,Certified
372,2024-08-29,2024-10-09,Work,Brazil,Tokyo,Certified
373,2024-05-29,2024-06-15,Work,Brazil,SaoPaulo,Certified
374,2024-05-16,2024-06-13,Business,Japan,Tokyo,Certified
375,2024-11-19,2024-12-24,Student,Germany,SaoPaulo,Certified
376,2024-02-04,2024-03-14,Business,India,Berlin,Certified
377,2024-09-25,2024-11-02,Business,Brazil,Mumbai,Certified
378,2024-09-29,2024-11-06,Work,Brazil,Mumbai,Certified
379,2024-05-18,2024-07-07,Business,Nigeria,Tokyo,Denied
380,2024-04-05,2024-05-09,Tourist,India,Berlin,Certified
381,2024-01-02,2024-03-01,Business,Germany,Delhi,Denied
382,2024-12-07,2025-01-16,Work,Germany,Mumbai,Certified
383,2024-12-11,2025-01-27,Tourist,Nepal,SaoPaulo,Denied
384,2024-03-28,2024-05-20,Tourist,India,Tokyo,Denied
385,2024-01-12,2024-02-15,Work,Nigeria,Tokyo,Certified
386,2024-02-14,2024-03-20,Student,Nepal,Delhi,Certified
387,2024-01-25,2024-03-03,Student,Japan,Delhi,Certified
388,2024-10-30,2024-12-10,Student,Germany,Mumbai,Certified
389,2024-11-21,2024-12-23,Business,Japan,SaoPaulo,Certified
390,2024-02-25,2024-03-30,Student,Nigeria,Berlin,Certified
391,2024-09-29,2024-11-16,Tourist,Japan,Tokyo,Denied
392,2024-03-06,2024-04-14,Student,India,Berlin,Certified
393,2024-05-14,2024-06-23,Tourist,Nepal,Berlin,Certified
394,2024-08-06,2024-09-18,Work,India,Tokyo,Certified
395,2024-09-19,2024-11-02,Business,Germany,SaoPaulo,Certified
396,2024-11-15,2024-12-25,Business,Nigeria,Berlin,Certified
397,2024-01-17,2024-02-29,Work,Nepal,Berlin,Certified
398,2024-03-12,2024-04-12,Business,Nepal,SaoPaulo,Certified
399,2024-04-12,2024-05-14,Student,Nigeria,Mumbai,Certified
400,2024-04-23,2024-06-02,Work,Nepal,SaoPaulo,Certified
401,2024-12-30,2025-02-13,Tourist,Nigeria,Berlin,Denied
402,2024-10-10,2024-11-01,Work,Nigeria,SaoPaulo,Certified
403,2024-04-26,2024-06-15,Work,Nepal,Berlin,Denied
404,2024-12-20,2025-02-04,Tourist,Nepal,Tokyo,Denied
405,2024-07-01,2024-08-08,Work,Brazil,Mumbai,Certified
406,2024-07-01,2024-08-24,Work,Nigeria,Tokyo,Denied
407,2024-06-07,2024-07-24,Student,Nepal,Mumbai,Denied
408,2024-02-22,2024-04-02,Work,Brazil,Tokyo,Certified
409,2024-12-07,2025-01-27,Student,Nigeria,Tokyo,Denied
410,2024-01-06,2024-02-10,Student,Nepal,Berlin,Certified
411,2024-03-04,2024-04-10,Tourist,Nigeria,Berlin,Certified
412,2024-03-24,2024-05-01,Student,India,Mumbai,Certified
413,2024-04-11,2024-05-16,Business,India,Tokyo,Certified
414,2024-02-18,2024-04-07,Business,Nepal,Berlin,Denied
415,2024-01-07,2024-02-28,Work,Nepal,Berlin,Denied
416,2024-09-04,2024-11-01,Work,India,Delhi,Denied
417,2024-12-19,2025-02-06,Work,Japan,Delhi,Denied
418,2024-02-14,2024-03-16,Student,Nepal,Delhi,Certified
419,2024-04-18,2024-06-01,Student,Germany,SaoPaulo,Certified
420,2024-07-03,2024-08-26,Work,Japan,SaoPaulo,Denied
421,2024-12-04,2025-01-15,Business,Germany,Delhi,Certified
422,2024-09-10,2024-10-29,Student,Germany,Delhi,Denied
423,2024-10-06,2024-11-24,Work,India,Tokyo,Denied
424,2024-07-31,2024-09-22,Student,Brazil,Berlin,Denied
425,2024-06-01,2024-07-18,Student,Germany,Mumbai,Denied
426,2024-03-13,2024-04-18,Student,Nigeria,Tokyo,Certified
427,2024-11-11,2024-12-16,Tourist,India,Mumbai,Certified
428,2024-10-20,2024-11-25,Student,Nigeria,Delhi,Certified
429,2024-01-10,2024-02-18,Work,Germany,Mumbai,Certified
430,2024-09-18,2024-11-09,Work,Germany,SaoPaulo,Denied
431,2024-01-31,2024-03-13,Business,Brazil,Tokyo,Certified
432,2024-09-26,2024-11-11,Tourist,Nepal,Delhi,Denied
433,2024-10-28,2024-12-07,Business,Nepal,Berlin,Certified
434,2024-02-17,2024-03-17,Business,Nepal,SaoPaulo,Certified
435,2024-06-07,2024-08-01,Student,Brazil,SaoPaulo,Denied
436,2024-02-15,2024-03-18,Student,Nepal,Tokyo,Certified
437,2024-07-26,2024-09-08,Student,Brazil,Delhi,Certified
438,2024-12-04,2025-01-16,Work,India,Mumbai,Certified
439,2024-01-30,2024-02-29,Business,Nepal,Mumbai,Certified
440,2024-05-25,2024-07-02,Work,Nepal,Delhi,Certified
441,2024-12-21,2025-02-03,Work,India,Delhi,Certified
442,2024-04-19,2024-05-28,Work,Japan,Mumbai,Certified
443,2024-02-18,2024-03-31,Tourist,Germany,Berlin,Certified
444,2024-06-27,2024-08-16,Work,Japan,Mumbai,Denied
445,2024-07-04,2024-08-22,Tourist,Nigeria,Berlin,Denied
446,2024-08-29,2024-10-17,Business,India,Mumbai,Denied
447,2024-04-24,2024-06-03,Business,Japan,Delhi,Certified
448,2024-12-14,2025-01-12,Work,Brazil,SaoPaulo,Certified
449,2024-07-09,2024-08-24,Student,Germany,Berlin,Denied
450,2024-04-14,2024-05-17,Work,Brazil,Mumbai,Certified
451,2024-12-16,2025-01-31,Work,Brazil,SaoPaulo,Denied
452,2024-12-03,2025-01-18,Work,Brazil,SaoPaulo,Denied
453,2024-07-01,2024-08-25,Work,Nepal,SaoPaulo,Denied
454,2024-01-10,2024-02-25,Tourist,Nigeria,Delhi,Denied
455,2024-08-05,2024-09-18,Tourist,Germany,Tokyo,Certified
456,2024-07-21,2024-09-02,Student,India,SaoPaulo,Certified
457,2024-02-24,2024-03-29,Work,India,SaoPaulo,Certified
458,2024-08-19,2024-10-02,Student,Japan,Mumbai,Certified
459,2024-11-02,2024-12-06,Work,Nigeria,SaoPaulo,Certified
460,2024-02-08,2024-03-22,Student,Japan,Berlin,Certified
461,2024-09-21,2024-10-28,Business,Nigeria,Berlin,Certified
462,2024-02-21,2024-04-08,Student,Nigeria,Berlin,Denied
463,2024-09-30,2024-11-16,Business,Japan,Tokyo,Denied
464,2024-06-01,2024-07-17,Student,Nigeria,Delhi,Denied
465,2024-01-03,2024-02-16,Student,Nepal,Berlin,Certified
466,2024-12-18,2025-02-04,Work,Nigeria,SaoPaulo,Denied
467,2024-03-01,2024-04-06,Student,Nepal,Berlin,Certified
468,2024-08-05,2024-09-17,Tourist,Brazil,Mumbai,Certified
469,2024-03-07,2024-04-02,Student,Germany,Delhi,Certified
470,2024-12-06,2025-01-17,Business,India,Berlin,Certified
471,2024-09-26,2024-11-14,Tourist,Germany,Tokyo,Denied
472,2024-10-20,2024-11-30,Student,Nigeria,Berlin,Certified
473,2024-06-06,2024-07-27,Work,Nepal,SaoPaulo,Denied
474,2024-06-19,2024-07-24,Work,India,Tokyo,Certified
475,2024-08-19,2024-10-04,Student,Germany,Berlin,Denied
476,2024-10-13,2024-11-14,Tourist,Germany,Delhi,Certified
477,2024-11-05,2024-12-26,Tourist,Germany,Berlin,Denied
478,2024-01-07,2024-02-06,Student,Brazil,Delhi,Certified
479,2024-08-30,2024-10-29,Business,Nigeria,Tokyo,Denied
480,2024-02-09,2024-03-19,Tourist,Brazil,Delhi,Certified
481,2024-04-15,2024-05-24,Business,Brazil,SaoPaulo,Certified
482,2024-10-29,2024-12-10,Work,Nepal,Mumbai,Certified
483,2024-04-01,2024-05-12,Tourist,Nepal,Berlin,Certified
484,2024-10-17,2024-11-17,Student,Japan,Delhi,Certified
485,2024-06-17,2024-08-12,Tourist,Nigeria,Mumbai,Denied
486,2024-03-25,2024-05-03,Business,Nepal,SaoPaulo,Certified
487,2024-05-01,2024-06-15,Work,Japan,Mumbai,Denied
488,2024-07-12,2024-08-25,Student,India,Berlin,Certified
489,2024-10-06,2024-11-12,Student,Nigeria,SaoPaulo,Certified
490,2024-08-09,2024-09-22,Work,India,Tokyo,Certified
491,2024-12-06,2025-01-28,Tourist,Brazil,Delhi,Denied
492,2024-11-12,2024-12-27,Student,Nigeria,Mumbai,Denied
493,2024-10-01,2024-11-14,Tourist,Japan,Mumbai,Certified
494,2024-08-08,2024-09-27,Work,Japan,Mumbai,Denied
495,2024-04-15,2024-05-19,Work,Japan,Mumbai,Certified
496,2024-05-30,2024-07-09,Student,Nepal,Berlin,Certified
497,2024-02-13,2024-03-11,Tourist,India,Mumbai,Certified
498,2024-05-16,2024-06-24,Student,Japan,Mumbai,Certified
499,2024-12-04,2025-01-20,Business,Japan,Berlin,Denied
500,2024-06-04,2024-08-03,Tourist,Nepal,Mumbai,Denied
501,2024-02-11,2024-04-04,Tourist,India,Mumbai,Denied
502,2024-08-25,2024-10-09,Tourist,Nigeria,Berlin,Denied
503,2024-12-17,2025-02-11,Business,India,SaoPaulo,Denied
504,2024-11-12,2024-12-22,Tourist,India,Berlin,Certified
505,2024-04-10,2024-05-21,Work,Japan,Berlin,Certified
506,2024-06-14,2024-08-06,Business,Brazil,SaoPaulo,Denied
507,2024-07-12,2024-08-27,Work,India,Tokyo,Denied
508,2024-03-31,2024-05-16,Student,Nigeria,Mumbai,Denied
509,2024-04-08,2024-05-14,Tourist,Brazil,Mumbai,Certified
510,2024-03-27,2024-04-28,Tourist,Nigeria,Berlin,Certified
511,2024-12-29,2025-02-02,Tourist,Japan,Berlin,Certified
512,2024-09-29,2024-11-16,Business,Nepal,Delhi,Denied
513,2024-11-02,2024-12-10,Tourist,Nigeria,Delhi,Certified
514,2024-10-25,2024-12-04,Tourist,Germany,Mumbai,Certified
515,2024-12-16,2025-01-23,Business,Brazil,SaoPaulo,Certified
516,2024-02-08,2024-03-18,Student,Japan,Tokyo,Certified
517,2024-11-17,2025-01-05,Student,Brazil,SaoPaulo,Denied
518,2024-01-25,2024-03-01,Work,Brazil,Delhi,Certified
519,2024-06-22,2024-08-22,Work,Japan,Berlin,Denied
520,2024-08-04,2024-09-27,Business,Nigeria,Berlin,Denied
521,2024-05-10,2024-06-18,Student,Japan,Berlin,Certified
522,2024-02-23,2024-04-04,Work,Germany,Berlin,Certified
523,2024-03-11,2024-04-25,Business,Germany,Mumbai,Denied
524,2024-10-28,2024-12-12,Student,Nepal,Delhi,Denied
525,2024-04-26,2024-06-14,Student,Brazil,SaoPaulo,Denied
526,2024-04-23,2024-06-04,Business,Japan,SaoPaulo,Certified
527,2024-12-03,2025-01-19,Tourist,Nigeria,Delhi,Denied
528,2024-02-22,2024-03-31,Tourist,Nepal,Berlin,Certified
529,2024-11-30,2025-01-14,Work,Nepal,Berlin,Denied
530,2024-12-02,2025-01-07,Business,Germany,Tokyo,Certified
531,2024-08-06,2024-09-23,Tourist,Nepal,SaoPaulo,Denied
532,2024-03-01,2024-04-21,Business,India,Berlin,Denied
533,2024-02-26,2024-04-06,Business,Germany,Tokyo,Certified
534,2024-04-13,2024-05-28,Business,Nepal,SaoPaulo,Denied
535,2024-07-29,2024-09-14,Student,Germany,SaoPaulo,Denied
536,2024-02-26,2024-04-05,Student,Nigeria,Mumbai,Certified
537,2024-06-15,2024-07-26,Work,Japan,SaoPaulo,Certified
538,2024-02-12,2024-03-22,Tourist,Nigeria,Berlin,Certified
539,2024-07-16,2024-08-30,Business,Japan,Delhi,Denied
540,2024-01-08,2024-02-23,Work,Japan,Tokyo,Denied
541,2024-09-15,2024-10-22,Student,Nepal,SaoPaulo,Certified
542,2024-01-21,2024-03-06,Work,Japan,Mumbai,Denied
543,2024-03-12,2024-04-13,Work,Germany,Berlin,Certified
544,2024-03-04,2024-04-14,Work,India,Mumbai,Certified
545,2024-10-30,2024-12-05,Business,India,Delhi,Certified
546,2024-01-20,2024-02-24,Business,Nepal,SaoPaulo,Certified
547,2024-06-05,2024-07-20,Business,India,Delhi,Denied
548,2024-08-03,2024-09-15,Work,Brazil,Berlin,Certified
549,2024-07-07,2024-08-18,Work,Japan,Delhi,Certified
550,2024-09-05,2024-10-27,Student,Brazil,Tokyo,Denied
551,2024-10-20,2024-12-04,Tourist,India,SaoPaulo,Denied
552,2024-05-23,2024-06-30,Student,Brazil,Tokyo,Certified
553,2024-10-29,2024-11-26,Business,Nepal,Tokyo,Certified
554,2024-04-26,2024-05-26,Tourist,Japan,SaoPaulo,Certified
555,2024-12-25,2025-02-05,Work,India,SaoPaulo,Certified
556,2024-07-03,2024-08-13,Tourist,Germany,SaoPaulo,Certified
557,2024-09-25,2024-11-15,Student,Brazil,Mumbai,Denied
558,2024-11-15,2024-12-25,Tourist,India,Berlin,Certified
559,2024-10-16,2024-12-06,Work,Germany,SaoPaulo,Denied
560,2024-11-06,2024-12-16,Business,Brazil,Mumbai,Certified
561,2024-07-14,2024-08-27,Business,Germany,Tokyo,Certified
562,2024-01-16,2024-02-25,Work,Nigeria,Delhi,Certified
563,2024-06-28,2024-08-19,Tourist,Germany,SaoPaulo,Denied
564,2024-03-07,2024-04-25,Work,Brazil,Tokyo,Denied
565,2024-11-20,2024-12-18,Tourist,India,Tokyo,Certified
566,2024-03-27,2024-04-24,Student,India,SaoPaulo,Certified
567,2024-03-24,2024-04-22,Work,Brazil,Mumbai,Certified
568,2024-04-01,2024-05-07,Work,Brazil,Berlin,Certified
569,2024-08-22,2024-10-19,Tourist,Germany,SaoPaulo,Denied
570,2024-07-27,2024-09-11,Business,Brazil,Delhi,Denied
571,2024-12-12,2025-01-23,Student,Japan,SaoPaulo,Certified
572,2024-05-31,2024-07-12,Business,Nepal,Mumbai,Certified
573,2024-04-13,2024-05-31,Work,Brazil,Berlin,Denied
574,2024-01-18,2024-02-26,Work,Germany,Berlin,Certified
575,2024-01-03,2024-02-25,Work,India,Tokyo,Denied
576,2024-05-16,2024-06-25,Business,Nepal,SaoPaulo,Certified
577,2024-12-03,2025-01-08,Tourist,Germany,Mumbai,Certified
578,2024-07-10,2024-09-01,Work,Nigeria,Delhi,Denied
579,2024-11-22,2024-12-29,Tourist,Germany,Berlin,Certified
580,2024-02-07,2024-03-17,Student,Nigeria,Tokyo,Certified
581,2024-02-04,2024-03-23,Business,Japan,Tokyo,Denied
582,2024-10-31,2024-11-19,Business,Japan,Tokyo,Certified
583,2024-02-08,2024-03-10,Student,Japan,Mumbai,Certified
584,2024-01-19,2024-02-17,Student,India,SaoPaulo,Certified
585,2024-05-27,2024-06-30,Work,Nigeria,Delhi,Certified
586,2024-12-03,2025-01-11,Student,India,Delhi,Certified
587,2024-09-08,2024-10-11,Tourist,Nepal,Delhi,Certified
588,2024-02-06,2024-03-07,Student,Nepal,SaoPaulo,Certified
589,2024-11-01,2024-12-04,Student,Nigeria,Delhi,Certified
590,2024-11-03,2024-12-30,Work,Brazil,Tokyo,Denied
591,2024-10-19,2024-12-12,Business,Japan,SaoPaulo,Denied
592,2024-11-25,2024-12-26,Work,Nepal,Tokyo,Certified
593,2024-03-28,2024-05-04,Student,Nigeria,SaoPaulo,Certified
594,2024-12-23,2025-01-22,Work,Germany,Delhi,Certified
595,2024-04-27,2024-05-22,Business,Japan,Berlin,Certified
596,2024-10-19,2024-12-01,Student,Nepal,Berlin,Certified
597,2024-07-30,2024-09-14,Student,Germany,Tokyo,Denied
598,2024-10-11,2024-11-21,Tourist,India,Tokyo,Certified
599,2024-08-17,2024-09-23,Business,Nigeria,Berlin,Certified
600,2024-08-22,2024-09-28,Business,Brazil,Mumbai,Certified
601,2024-08-12,2024-09-28,Tourist,Japan,Delhi,Denied
602,2024-10-11,2024-11-20,Student,Germany,Berlin,Certified
603,2024-09-26,2024-11-18,Student,Japan,Mumbai,Denied
604,2024-02-19,2024-03-16,Business,Japan,Berlin,Certified
605,2024-10-28,2024-12-14,Tourist,Brazil,Tokyo,Denied
606,2024-07-14,2024-08-24,Tourist,Germany,Berlin,Certified
607,2024-04-27,2024-06-13,Student,India,Berlin,Denied
608,2024-07-06,2024-08-26,Work,Nigeria,Delhi,Denied
609,2024-12-18,2025-01-24,Tourist,India,Tokyo,Certified
610,2024-11-09,2024-12-15,Work,Germany,Berlin,Certified
611,2024-10-31,2024-12-10,Work,Japan,Delhi,Certified
612,2024-06-17,2024-08-04,Business,Germany,Mumbai,Denied
613,2024-10-13,2024-11-17,Tourist,Japan,Tokyo,Certified
614,2024-05-20,2024-07-05,Tourist,Nepal,SaoPaulo,Denied
615,2024-09-07,2024-11-03,Tourist,Japan,Berlin,Denied
616,2024-08-21,2024-10-01,Business,Nigeria,SaoPaulo,Certified
617,2024-04-01,2024-05-13,Work,Germany,Delhi,Certified
618,2024-04-07,2024-05-25,Work,Germany,Mumbai,Denied
619,2024-01-23,2024-03-18,Business,Nigeria,SaoPaulo,Denied
620,2024-02-21,2024-03-23,Work,Nepal,Delhi,Certified
621,2024-06-07,2024-07-17,Tourist,Nigeria,Tokyo,Certified
622,2024-06-23,2024-08-22,Work,Nigeria,Mumbai,Denied
623,2024-03-01,2024-03-30,Work,Japan,Mumbai,Certified
624,2024-06-01,2024-07-12,Tourist,Brazil,Berlin,Certified
625,2024-08-08,2024-09-21,Work,Nigeria,Mumbai,Certified
626,2024-03-25,2024-05-09,Student,Nigeria,SaoPaulo,Denied
627,2024-05-03,2024-06-13,Tourist,India,SaoPaulo,Certified
628,2024-05-14,2024-06-21,Student,India,Berlin,Certified
629,2024-07-03,2024-08-15,Student,India,Berlin,Certified
630,2024-05-13,2024-06-16,Student,Nigeria,Delhi,Certified
631,2024-09-25,2024-11-01,Student,Brazil,Mumbai,Certified
632,2024-04-29,2024-06-23,Work,Japan,Delhi,Denied
633,2024-06-07,2024-07-21,Student,Germany,SaoPaulo,Certified
634,2024-05-18,2024-07-04,Student,India,Mumbai,Denied
635,2024-03-07,2024-04-07,Business,India,Mumbai,Certified
636,2024-09-07,2024-10-30,Tourist,Brazil,SaoPaulo,Denied
637,2024-03-26,2024-05-03,Student,Japan,Tokyo,Certified
638,2024-04-18,2024-05-09,Tourist,India,Tokyo,Certified
639,2024-10-16,2024-11-11,Business,Nepal,Delhi,Certified
640,2024-12-12,2025-01-16,Tourist,India,Berlin,Certified
641,2024-09-01,2024-10-05,Business,Brazil,Berlin,Certified
642,2024-11-30,2024-12-26,Tourist,Japan,Mumbai,Certified
643,2024-11-07,2024-12-20,Student,Germany,Tokyo,Certified
644,2024-06-24,2024-08-09,Work,Brazil,SaoPaulo,Denied
645,2024-10-08,2024-11-20,Business,India,Mumbai,Certified
646,2024-04-29,2024-06-11,Tourist,Brazil,Mumbai,Certified
647,2024-06-17,2024-08-04,Tourist,Nigeria,Mumbai,Denied
648,2024-07-14,2024-08-24,Business,Nepal,SaoPaulo,Certified
649,2024-12-16,2025-02-01,Student,Germany,Delhi,Denied
650,2024-11-05,2024-12-10,Tourist,Japan,SaoPaulo,Certified
651,2024-06-27,2024-08-09,Work,Nepal,Tokyo,Certified
652,2024-08-26,2024-10-15,Tourist,Nepal,Berlin,Denied
653,2024-03-14,2024-04-27,Business,India,Berlin,Certified
654,2024-10-20,2024-11-22,Business,Germany,SaoPaulo,Certified
655,2024-07-20,2024-08-25,Business,Brazil,Tokyo,Certified
656,2024-07-13,2024-08-15,Student,Nepal,Mumbai,Certified
657,2024-10-06,2024-11-14,Tourist,Nepal,Delhi,Certified
658,2024-08-19,2024-10-01,Student,India,Tokyo,Certified
659,2024-01-27,2024-02-25,Student,Brazil,Delhi,Certified
660,2024-04-15,2024-05-23,Business,Germany,Delhi,Certified
661,2024-03-05,2024-04-18,Work,Nepal,SaoPaulo,Certified
662,2024-09-25,2024-11-11,Business,India,Berlin,Denied
663,2024-01-13,2024-02-24,Business,Brazil,Tokyo,Certified
664,2024-03-14,2024-04-26,Work,Germany,Mumbai,Certified
665,2024-08-06,2024-09-22,Tourist,Brazil,Delhi,Denied
666,2024-09-10,2024-11-03,Tourist,Nepal,Delhi,Denied
667,2024-07-02,2024-08-19,Tourist,India,Mumbai,Denied
668,2024-11-10,2024-12-25,Work,Germany,Delhi,Denied
669,2024-12-01,2025-01-16,Tourist,Japan,Berlin,Denied
670,2024-02-18,2024-03-23,Business,Germany,Mumbai,Certified
671,2024-12-13,2025-01-18,Tourist,Nigeria,Berlin,Certified
672,2024-08-12,2024-10-01,Business,Germany,Berlin,Denied
673,2024-08-20,2024-10-04,Work,Brazil,Mumbai,Denied
674,2024-02-04,2024-03-26,Tourist,India,Berlin,Denied
675,2024-08-14,2024-10-15,Tourist,Brazil,Delhi,Denied
676,2024-09-21,2024-11-01,Student,Germany,Mumbai,Certified
677,2024-07-30,2024-09-15,Student,Nigeria,SaoPaulo,Denied
678,2024-01-31,2024-03-14,Student,Japan,SaoPaulo,Certified
679,2024-07-09,2024-08-24,Work,Japan,Berlin,Denied
680,2024-12-07,2025-01-25,Tourist,Nepal,SaoPaulo,Denied
681,2024-09-21,2024-11-13,Tourist,India,Berlin,Denied
682,2024-02-20,2024-04-08,Work,Nepal,Delhi,Denied
683,2024-12-16,2025-02-01,Business,Japan,SaoPaulo,Denied
684,2024-12-15,2025-02-09,Student,Germany,Berlin,Denied
685,2024-03-02,2024-04-03,Business,India,Tokyo,Certified
686,2024-10-19,2024-12-01,Student,India,Tokyo,Certified
687,2024-05-28,2024-07-02,Student,Nigeria,Mumbai,Certified
688,2024-08-04,2024-09-20,Tourist,Nigeria,Tokyo,Denied
689,2024-06-11,2024-08-03,Student,Japan,Berlin,Denied
690,2024-10-12,2024-11-15,Student,Germany,Mumbai,Certified
691,2024-12-29,2025-02-15,Work,Nepal,Mumbai,Denied
692,2024-10-17,2024-12-08,Tourist,India,Tokyo,Denied
693,2024-12-05,2025-01-18,Tourist,Nigeria,Mumbai,Certified
694,2024-12-11,2025-02-01,Student,Nigeria,Delhi,Denied
695,2024-02-02,2024-03-18,Tourist,Japan,SaoPaulo,Denied
696,2024-04-02,2024-05-11,Tourist,Nigeria,Mumbai,Certified
697,2024-09-20,2024-11-03,Work,Nigeria,Tokyo,Certified
698,2024-08-03,2024-09-15,Business,Nepal,Tokyo,Certified
699,2024-01-19,2024-03-03,Work,India,SaoPaulo,Certified
700,2024-02-04,2024-03-08,Tourist,Japan,Tokyo,Certified
701,2024-07-08,2024-08-31,Business,Germany,Tokyo,Denied
702,2024-08-12,2024-10-02,Work,India,SaoPaulo,Denied
703,2024-03-02,2024-04-01,Work,Germany,SaoPaulo,Certified
704,2024-03-03,2024-04-10,Tourist,Brazil,Delhi,Certified
705,2024-02-17,2024-03-09,Work,Brazil,Tokyo,Certified
706,2024-07-25,2024-08-30,Tourist,Japan,Delhi,Certified
707,2024-01-03,2024-02-17,Work,Japan,SaoPaulo,Denied
708,2024-07-27,2024-09-15,Tourist,Nepal,Delhi,Denied
709,2024-06-22,2024-08-19,Business,Nepal,Mumbai,Denied
710,2024-06-19,2024-08-03,Tourist,Germany,Delhi,Denied
711,2024-09-04,2024-10-30,Work,Japan,Tokyo,Denied
712,2024-07-09,2024-09-11,Tourist,India,Delhi,Denied
713,2024-09-22,2024-11-13,Work,Japan,Delhi,Denied
714,2024-10-05,2024-11-14,Student,Brazil,Berlin,Certified
715,2024-12-01,2025-01-15,Business,Nigeria,SaoPaulo,Denied
716,2024-10-18,2024-11-22,Work,India,Berlin,Certified
717,2024-07-07,2024-08-05,Student,Germany,Berlin,Certified
718,2024-06-28,2024-08-12,Tourist,Germany,Tokyo,Denied
719,2024-03-27,2024-05-11,Work,Nigeria,Berlin,Denied
720,2024-08-06,2024-09-11,Student,Germany,Mumbai,Certified
721,2024-02-20,2024-03-26,Tourist,Japan,Berlin,Certified
722,2024-12-05,2025-01-17,Work,Japan,Delhi,Certified
723,2024-11-04,2024-12-02,Tourist,Germany,Mumbai,Certified
724,2024-02-13,2024-03-21,Tourist,Japan,Tokyo,Certified
725,2024-10-13,2024-11-11,Tourist,Germany,Mumbai,Certified
726,2024-02-12,2024-03-27,Student,Germany,Delhi,Certified
727,2024-09-20,2024-11-15,Tourist,Nigeria,Delhi,Denied
728,2024-02-02,2024-03-09,Tourist,Germany,SaoPaulo,Certified
729,2024-06-27,2024-07-26,Student,India,Mumbai,Certified
730,2024-08-28,2024-10-15,Tourist,Nigeria,Delhi,Denied
731,2024-09-23,2024-11-20,Tourist,Brazil,Tokyo,Denied
732,2024-06-01,2024-07-08,Student,Japan,Berlin,Certified
733,2024-12-02,2025-01-20,Tourist,India,Berlin,Denied
734,2024-10-09,2024-11-09,Business,Nigeria,SaoPaulo,Certified
735,2024-03-17,2024-04-25,Student,Nepal,Mumbai,Certified
736,2024-09-01,2024-10-16,Business,Japan,Berlin,Denied
737,2024-09-23,2024-11-16,Business,Japan,Tokyo,Denied
738,2024-05-01,2024-06-06,Business,Nepal,Tokyo,Certified
739,2024-09-26,2024-11-27,Work,Japan,Mumbai,Denied
740,2024-11-23,2024-12-30,Student,Brazil,Tokyo,Certified
741,2024-10-25,2024-12-06,Work,Japan,Tokyo,Certified
742,2024-10-05,2024-11-06,Tourist,Germany,Delhi,Certified
743,2024-08-19,2024-10-11,Business,India,Delhi,Denied
744,2024-04-08,2024-05-06,Student,Nepal,Tokyo,Certified
745,2024-10-17,2024-11-22,Tourist,Brazil,Delhi,Certified
746,2024-05-12,2024-06-21,Tourist,Nepal,SaoPaulo,Certified
747,2024-07-13,2024-08-13,Tourist,India,Delhi,Certified
748,2024-04-24,2024-06-08,Tourist,Japan,SaoPaulo,Denied
749,2024-04-24,2024-06-08,Work,Japan,Tokyo,Denied
750,2024-02-27,2024-04-07,Tourist,Brazil,Berlin,Certified
751,2024-12-16,2025-01-21,Business,Nepal,Mumbai,Certified
752,2024-02-23,2024-04-03,Student,Nepal,Mumbai,Certified
753,2024-02-01,2024-03-18,Work,Japan,Tokyo,Denied
754,2024-12-07,2025-01-13,Student,Nepal,Tokyo,Certified
755,2024-07-21,2024-08-26,Tourist,India,Mumbai,Certified
756,2024-06-08,2024-07-29,Tourist,Brazil,Berlin,Denied
757,2024-09-26,2024-11-14,Work,Brazil,SaoPaulo,Denied
758,2024-05-19,2024-06-23,Work,Nigeria,Mumbai,Certified
759,2024-02-16,2024-04-05,Student,Brazil,Tokyo,Denied
760,2024-09-23,2024-11-13,Student,Japan,Delhi,Denied
761,2024-03-05,2024-04-21,Business,Nigeria,SaoPaulo,Denied
762,2024-07-20,2024-09-21,Business,Japan,Delhi,Denied
763,2024-12-12,2025-01-25,Student,Brazil,Mumbai,Certified
764,2024-12-07,2025-01-16,Tourist,Nigeria,Berlin,Certified
765,2024-05-11,2024-06-25,Student,Brazil,Mumbai,Denied
766,2024-10-11,2024-11-19,Work,Germany,Delhi,Certified
767,2024-08-11,2024-09-19,Work,Germany,Tokyo,Certified
768,2024-06-23,2024-08-02,Tourist,Nepal,Delhi,Certified
769,2024-02-21,2024-04-18,Tourist,Japan,SaoPaulo,Denied
770,2024-05-17,2024-06-27,Student,Japan,Delhi,Certified
771,2024-08-25,2024-10-14,Business,Japan,Mumbai,Denied
772,2024-12-26,2025-02-22,Tourist,Nepal,SaoPaulo,Denied
773,2024-01-02,2024-02-11,Student,Germany,Delhi,Certified
774,2024-09-18,2024-10-28,Tourist,India,Delhi,Certified
775,2024-11-04,2024-12-12,Tourist,India,Tokyo,Certified
776,2024-12-13,2025-01-11,Work,Japan,Delhi,Certified
777,2024-06-03,2024-07-16,Student,India,SaoPaulo,Certified
778,2024-02-13,2024-04-03,Student,Japan,Berlin,Denied
779,2024-04-08,2024-05-15,Business,Brazil,SaoPaulo,Certified
780,2024-11-06,2024-12-14,Tourist,Nepal,Mumbai,Certified
781,2024-11-16,2024-12-21,Tourist,India,Delhi,Certified
782,2024-08-20,2024-10-11,Business,Germany,SaoPaulo,Denied
783,2024-02-14,2024-03-24,Work,Germany,Tokyo,Certified
784,2024-02-14,2024-03-21,Tourist,Brazil,SaoPaulo,Certified
785,2024-06-23,2024-08-12,Student,Germany,Mumbai,Denied
786,2024-08-02,2024-09-07,Work,Nepal,Berlin,Certified
787,2024-01-12,2024-02-28,Student,Nigeria,Berlin,Denied
788,2024-09-07,2024-10-23,Work,Nepal,Berlin,Denied
789,2024-07-17,2024-09-09,Work,Nigeria,Mumbai,Denied
790,2024-01-05,2024-02-04,Student,India,Mumbai,Certified
791,2024-02-04,2024-03-23,Business,Brazil,Tokyo,Denied
792,2024-06-14,2024-08-11,Student,Nigeria,Delhi,Denied
793,2024-09-20,2024-11-09,Business,Nigeria,Mumbai,Denied
794,2024-10-28,2024-11-27,Tourist,Brazil,Mumbai,Certified
795,2024-06-06,2024-07-24,Student,Nigeria,Delhi,Denied
796,2024-04-17,2024-05-27,Work,Nigeria,Delhi,Certified
797,2024-12-19,2025-01-23,Business,Nepal,Berlin,Certified
798,2024-06-16,2024-08-02,Tourist,Nepal,Delhi,Denied
799,2024-04-25,2024-06-07,Business,Nigeria,Mumbai,Certified
800,2024-06-10,2024-08-06,Tourist,Japan,Berlin,Denied
801,2024-01-05,2024-02-17,Student,Germany,SaoPaulo,Certified
802,2024-04-20,2024-06-02,Student,Nigeria,Delhi,Certified
803,2024-07-07,2024-08-30,Student,Japan,Berlin,Denied
804,2024-12-01,2025-01-17,Business,Japan,Delhi,Denied
805,2024-09-26,2024-10-28,Work,Nigeria,Berlin,Certified
806,2024-10-12,2024-11-17,Business,India,Berlin,Certified
807,2024-07-17,2024-09-01,Student,Nigeria,Tokyo,Denied
808,2024-02-10,2024-03-15,Business,Nigeria,Berlin,Certified
809,2024-05-22,2024-06-30,Student,Nepal,SaoPaulo,Certified
810,2024-12-29,2025-02-16,Work,Japan,Delhi,Denied
811,2024-01-17,2024-02-13,Work,Japan,Delhi,Certified
812,2024-11-16,2024-12-20,Work,Nepal,Delhi,Certified
813,2024-09-06,2024-10-19,Work,Brazil,Mumbai,Certified
814,2024-04-13,2024-05-13,Student,Nepal,Delhi,Certified
815,2024-10-10,2024-11-27,Work,Nepal,Delhi,Denied
816,2024-11-01,2024-12-08,Business,Nepal,Mumbai,Certified
817,2024-01-16,2024-02-19,Student,Brazil,SaoPaulo,Certified
818,2024-02-08,2024-03-06,Work,Nepal,SaoPaulo,Certified
819,2024-08-30,2024-10-30,Tourist,India,Delhi,Denied
820,2024-12-30,2025-02-17,Student,Brazil,SaoPaulo,Denied
821,2024-01-09,2024-02-23,Business,Nigeria,Mumbai,Denied
822,2024-08-30,2024-10-15,Work,Nepal,Berlin,Denied
823,2024-02-19,2024-03-16,Tourist,Nigeria,Mumbai,Certified
824,2024-08-25,2024-10-19,Work,Nepal,Berlin,Denied
825,2024-08-15,2024-09-28,Business,Germany,Tokyo,Certified
826,2024-02-03,2024-03-13,Tourist,Nigeria,Tokyo,Certified
827,2024-09-05,2024-10-21,Tourist,Japan,Berlin,Denied
828,2024-11-23,2025-01-05,Student,India,Tokyo,Certified
829,2024-11-11,2024-12-26,Work,Japan,Tokyo,Denied
830,2024-01-11,2024-02-22,Student,Brazil,Delhi,Certified
831,2024-03-30,2024-05-13,Business,India,Mumbai,Certified
832,2024-03-28,2024-05-07,Business,Germany,Delhi,Certified
833,2024-06-14,2024-08-08,Work,Nepal,Tokyo,Denied
834,2024-02-22,2024-03-28,Student,Nepal,Berlin,Certified
835,2024-11-07,2025-01-05,Tourist,Japan,Tokyo,Denied
836,2024-10-10,2024-11-11,Business,Nepal,Berlin,Certified
837,2024-10-22,2024-12-09,Business,Nigeria,Mumbai,Denied
838,2024-03-13,2024-04-29,Student,Nepal,Delhi,Denied
839,2024-01-06,2024-02-09,Work,India,SaoPaulo,Certified
840,2024-11-28,2025-01-16,Business,India,Mumbai,Denied
841,2024-04-15,2024-06-05,Work,India,Delhi,Denied
842,2024-08-27,2024-10-18,Tourist,Brazil,Mumbai,Denied
843,2024-11-27,2025-01-07,Work,Brazil,SaoPaulo,Certified
844,2024-01-14,2024-02-18,Business,India,Mumbai,Certified
845,2024-01-02,2024-02-05,Business,Brazil,SaoPaulo,Certified
846,2024-01-02,2024-02-09,Student,Nepal,Berlin,Certified
847,2024-02-27,2024-04-09,Work,Nigeria,SaoPaulo,Certified
848,2024-01-19,2024-02-28,Student,Japan,Tokyo,Certified
849,2024-10-26,2024-11-25,Work,Germany,Delhi,Certified
850,2024-08-09,2024-09-26,Tourist,Japan,Berlin,Denied
851,2024-12-23,2025-02-15,Student,Nepal,Berlin,Denied
852,2024-10-19,2024-11-25,Student,Nepal,Mumbai,Certified
853,2024-12-17,2025-02-02,Student,Germany,Berlin,Denied
854,2024-03-28,2024-05-04,Student,Nepal,Delhi,Certified
855,2024-04-15,2024-05-22,Tourist,Japan,Tokyo,Certified
856,2024-11-06,2024-12-09,Work,Brazil,SaoPaulo,Certified
857,2024-03-30,2024-04-29,Student,Nepal,Delhi,Certified
858,2024-01-21,2024-03-03,Business,Japan,Berlin,Certified
859,2024-09-01,2024-10-17,Tourist,Nigeria,Tokyo,Denied
860,2024-10-19,2024-11-24,Work,Germany,Delhi,Certified
861,2024-12-19,2025-01-13,Tourist,Brazil,Mumbai,Certified
862,2024-12-04,2025-01-09,Work,India,Mumbai,Certified
863,2024-02-13,2024-03-29,Student,Germany,Delhi,Denied
864,2024-10-08,2024-11-14,Student,India,SaoPaulo,Certified
865,2024-11-04,2024-12-18,Work,Nigeria,Berlin,Certified
866,2024-09-11,2024-10-20,Business,Brazil,Tokyo,Certified
867,2024-10-26,2024-12-15,Student,Germany,Berlin,Denied
868,2024-11-01,2024-12-10,Business,Japan,SaoPaulo,Certified
869,2024-06-11,2024-07-27,Tourist,Brazil,SaoPaulo,Denied
870,2024-01-15,2024-03-13,Student,Japan,Tokyo,Denied
871,2024-06-15,2024-08-11,Student,India,Mumbai,Denied
872,2024-03-14,2024-04-18,Business,India,Berlin,Certified
873,2024-02-11,2024-03-13,Tourist,Japan,SaoPaulo,Certified
874,2024-02-15,2024-03-22,Student,Nigeria,Berlin,Certified
875,2024-09-11,2024-10-25,Student,Brazil,Berlin,Certified
876,2024-07-03,2024-08-20,Business,India,Delhi,Denied
877,2024-07-16,2024-08-31,Student,Nepal,SaoPaulo,Denied
878,2024-09-28,2024-11-21,Business,Germany,Tokyo,Denied
879,2024-07-19,2024-09-10,Work,Germany,Mumbai,Denied
880,2024-08-17,2024-10-21,Work,Japan,Berlin,Denied
881,2024-02-01,2024-03-10,Business,Brazil,Berlin,Certified
882,2024-11-06,2024-12-28,Tourist,Brazil,Delhi,Denied
883,2024-06-12,2024-07-31,Student,India,SaoPaulo,Denied
884,2024-02-26,2024-04-05,Work,India,SaoPaulo,Certified
885,2024-10-23,2024-11-29,Tourist,Brazil,SaoPaulo,Certified
886,2024-09-25,2024-11-08,Tourist,Nigeria,Mumbai,Certified
887,2024-01-20,2024-02-25,Tourist,India,Mumbai,Certified
888,2024-03-11,2024-04-17,Business,Brazil,Delhi,Certified
889,2024-01-06,2024-02-10,Work,Nigeria,Tokyo,Certified
890,2024-04-08,2024-05-09,Student,Germany,Mumbai,Certified
891,2024-02-06,2024-03-08,Work,Japan,SaoPaulo,Certified
892,2024-09-16,2024-11-01,Work,Brazil,SaoPaulo,Denied
893,2024-07-09,2024-08-10,Business,Brazil,Delhi,Certified
894,2024-12-23,2025-02-05,Business,Japan,SaoPaulo,Certified
895,2024-09-30,2024-11-20,Business,Germany,Delhi,Denied
896,2024-08-11,2024-09-25,Tourist,Nepal,Berlin,Denied
897,2024-07-04,2024-08-07,Business,Germany,Berlin,Certified
898,2024-01-20,2024-02-29,Student,India,SaoPaulo,Certified
899,2024-01-26,2024-03-06,Student,Brazil,Tokyo,Certified
900,2024-08-12,2024-10-09,Work,Nepal,SaoPaulo,Denied
901,2024-01-02,2024-01-31,Work,Japan,Berlin,Certified
902,2024-01-16,2024-02-19,Student,India,SaoPaulo,Certified
903,2024-03-20,2024-05-11,Business,Japan,SaoPaulo,Denied
904,2024-11-18,2024-12-28,Tourist,Nepal,SaoPaulo,Certified
905,2024-06-16,2024-08-07,Tourist,India,Berlin,Denied
906,2024-09-15,2024-11-02,Tourist,Nigeria,Mumbai,Denied
907,2024-05-30,2024-07-04,Business,Germany,SaoPaulo,Certified
908,2024-03-04,2024-04-10,Student,India,Tokyo,Certified
909,2024-05-15,2024-06-10,Student,India,SaoPaulo,Certified
910,2024-02-03,2024-03-20,Work,India,Berlin,Denied
911,2024-10-08,2024-11-03,Student,Brazil,SaoPaulo,Certified
912,2024-03-07,2024-04-17,Work,India,Tokyo,Certified
913,2024-05-17,2024-06-23,Tourist,Germany,Tokyo,Certified
914,2024-12-23,2025-02-07,Tourist,India,Delhi,Denied
915,2024-08-04,2024-09-23,Business,Germany,Berlin,Denied
916,2024-06-16,2024-07-26,Student,Japan,Tokyo,Certified
917,2024-07-17,2024-08-28,Tourist,Germany,Tokyo,Certified
918,2024-10-13,2024-11-19,Student,Japan,SaoPaulo,Certified
919,2024-04-02,2024-04-27,Student,Japan,Mumbai,Certified
920,2024-08-20,2024-09-30,Student,India,Mumbai,Certified
921,2024-11-14,2024-12-16,Student,Brazil,SaoPaulo,Certified
922,2024-07-27,2024-09-20,Work,Germany,SaoPaulo,Denied
923,2024-06-11,2024-07-19,Tourist,Brazil,Delhi,Certified
924,2024-02-22,2024-03-29,Student,Germany,Mumbai,Certified
925,2024-03-31,2024-05-07,Student,Germany,SaoPaulo,Certified
926,2024-12-11,2025-02-05,Work,Japan,Delhi,Denied
927,2024-07-16,2024-09-02,Business,Nepal,Tokyo,Denied
928,2024-04-19,2024-05-19,Business,Brazil,Delhi,Certified
929,2024-06-01,2024-07-25,Student,India,Delhi,Denied
930,2024-07-29,2024-08-29,Work,Nepal,Tokyo,Certified
931,2024-07-15,2024-08-30,Tourist,Nepal,Tokyo,Denied
932,2024-09-12,2024-11-06,Work,Brazil,Berlin,Denied
933,2024-04-03,2024-05-08,Tourist,Brazil,SaoPaulo,Certified
934,2024-08-24,2024-10-04,Tourist,Japan,Mumbai,Certified
935,2024-06-10,2024-08-05,Work,Germany,Berlin,Denied
936,2024-12-09,2025-01-25,Tourist,Germany,Tokyo,Denied
937,2024-02-27,2024-03-19,Student,India,Tokyo,Certified
938,2024-02-24,2024-03-24,Tourist,Brazil,Mumbai,Certified
939,2024-06-17,2024-07-30,Work,Germany,Tokyo,Certified
940,2024-07-04,2024-08-12,Business,Nepal,Berlin,Certified
941,2024-09-09,2024-11-10,Work,Brazil,Berlin,Denied
942,2024-05-27,2024-07-05,Business,Germany,SaoPaulo,Certified
943,2024-11-29,2025-01-01,Student,Germany,Mumbai,Certified
944,2024-06-22,2024-08-06,Tourist,Japan,Tokyo,Denied
945,2024-02-17,2024-03-13,Tourist,Brazil,SaoPaulo,Certified
946,2024-02-13,2024-03-20,Tourist,Brazil,Tokyo,Certified
947,2024-12-21,2025-02-07,Tourist,Brazil,SaoPaulo,Denied
948,2024-02-18,2024-03-17,Student,Germany,Berlin,Certified
949,2024-12-11,2025-01-28,Tourist,Brazil,Mumbai,Denied
950,2024-04-11,2024-05-23,Work,Brazil,SaoPaulo,Certified
951,2024-02-04,2024-03-10,Tourist,Nepal,Tokyo,Certified
952,2024-04-21,2024-05-09,Work,Brazil,Mumbai,Certified
953,2024-08-12,2024-10-02,Student,Nepal,Mumbai,Denied
954,2024-06-05,2024-07-25,Work,Nigeria,Mumbai,Denied
955,2024-10-13,2024-11-28,Work,Japan,SaoPaulo,Denied
956,2024-08-11,2024-10-01,Business,Germany,Delhi,Denied
957,2024-05-26,2024-06-25,Student,Brazil,Tokyo,Certified
958,2024-08-19,2024-10-18,Student,Japan,Berlin,Denied
959,2024-12-20,2025-01-28,Work,Japan,Delhi,Certified
960,2024-05-30,2024-07-11,Work,Brazil,Tokyo,Certified
961,2024-02-26,2024-03-26,Student,Germany,Tokyo,Certified
962,2024-05-29,2024-06-30,Work,Brazil,Tokyo,Certified
963,2024-11-02,2024-12-22,Student,Japan,Berlin,Denied
964,2024-03-20,2024-04-30,Student,Brazil,Mumbai,Certified
965,2024-12-12,2025-02-01,Student,Nepal,Delhi,Denied
966,2024-08-02,2024-09-21,Business,India,Delhi,Denied
967,2024-08-07,2024-09-21,Work,Japan,Mumbai,Denied
968,2024-04-25,2024-06-17,Tourist,Nepal,Tokyo,Denied
969,2024-12-01,2025-01-11,Business,Germany,Delhi,Certified
970,2024-01-14,2024-02-13,Work,India,SaoPaulo,Certified
971,2024-04-19,2024-05-30,Tourist,Nigeria,Berlin,Certified
972,2024-06-01,2024-07-20,Work,Brazil,Mumbai,Denied
973,2024-06-23,2024-08-13,Work,Brazil,SaoPaulo,Denied
974,2024-06-22,2024-07-31,Business,Nepal,Delhi,Certified
975,2024-02-23,2024-03-27,Student,India,SaoPaulo,Certified
976,2024-03-23,2024-05-04,Work,Brazil,Mumbai,Certified
977,2024-02-04,2024-03-16,Student,Brazil,Mumbai,Certified
978,2024-07-27,2024-09-09,Student,Germany,Berlin,Certified
979,2024-05-08,2024-06-14,Work,Brazil,SaoPaulo,Certified
980,2024-07-25,2024-08-29,Business,Nepal,Mumbai,Certified
981,2024-08-03,2024-09-27,Business,Nepal,SaoPaulo,Denied
982,2024-09-13,2024-11-08,Business,Nigeria,Mumbai,Denied
983,2024-07-18,2024-08-27,Work,Brazil,Mumbai,Certified
984,2024-08-24,2024-10-08,Work,Japan,Tokyo,Denied
985,2024-08-02,2024-09-14,Student,Brazil,Tokyo,Certified
986,2024-08-26,2024-10-07,Business,Nigeria,Mumbai,Certified
987,2024-08-13,2024-09-18,Student,India,Delhi,Certified
988,2024-04-25,2024-05-24,Student,Nepal,Mumbai,Certified
989,2024-03-30,2024-05-03,Business,Japan,Berlin,Certified
990,2024-10-14,2024-11-10,Work,Brazil,Delhi,Certified
991,2024-05-05,2024-06-10,Student,Brazil,Delhi,Certified
992,2024-07-19,2024-09-06,Business,Nigeria,SaoPaulo,Denied
993,2024-03-12,2024-04-09,Business,India,Delhi,Certified
994,2024-06-06,2024-07-25,Student,Nigeria,Berlin,Denied
995,2024-07-12,2024-08-24,Work,Brazil,Tokyo,Certified
996,2024-08-16,2024-10-08,Student,India,Mumbai,Denied
997,2024-07-11,2024-08-29,Work,Brazil,Berlin,Denied
998,2024-05-11,2024-06-07,Business,Brazil,Delhi,Certified
999,2024-12-17,2025-01-30,Work,Nepal,Tokyo,Certified
1000,2024-07-06,2024-08-15,Business,Nigeria,Tokyo,Certified
1001,2024-10-22,2024-12-01,Work,Germany,SaoPaulo,Certified
1002,2024-09-25,2024-10-28,Business,Nepal,SaoPaulo,Certified
1003,2024-07-22,2024-09-06,Student,Japan,Mumbai,Denied
1004,2024-11-19,2025-01-04,Student,Nigeria,Delhi,Denied
1005,2024-02-16,2024-03-28,Student,Germany,Mumbai,Certified
1006,2024-12-02,2025-01-18,Business,India,Delhi,Denied
1007,2024-11-06,2024-12-08,Work,Germany,Berlin,Certified
1008,2024-07-02,2024-08-22,Tourist,Brazil,Delhi,Denied
1009,2024-09-24,2024-10-30,Tourist,Germany,SaoPaulo,Certified
1010,2024-07-08,2024-08-13,Work,Germany,Tokyo,Certified
1011,2024-04-08,2024-05-19,Business,Nepal,Mumbai,Certified
1012,2024-10-18,2024-11-19,Student,Nepal,SaoPaulo,Certified
1013,2024-03-30,2024-05-01,Work,India,Tokyo,Certified
1014,2024-04-24,2024-05-28,Business,Nigeria,Berlin,Certified
1015,2024-07-08,2024-08-19,Work,Germany,Delhi,Certified
1016,2024-11-01,2024-12-16,Business,Brazil,Mumbai,Denied
1017,2024-05-20,2024-06-29,Work,India,Berlin,Certified
1018,2024-06-29,2024-08-23,Work,Nepal,Tokyo,Denied
1019,2024-01-16,2024-02-27,Business,Brazil,Mumbai,Certified
1020,2024-02-12,2024-03-20,Work,Japan,Tokyo,Certified
1021,2024-01-21,2024-02-28,Tourist,India,Mumbai,Certified
1022,2024-01-27,2024-03-20,Student,Brazil,Mumbai,Denied
1023,2024-11-13,2024-12-19,Tourist,Nigeria,Berlin,Certified
1024,2024-11-03,2024-12-06,Work,Nepal,Delhi,Certified
1025,2024-10-26,2024-12-10,Tourist,Japan,Berlin,Denied
1026,2024-01-21,2024-03-14,Work,Japan,Mumbai,Denied
1027,2024-01-29,2024-02-24,Student,Brazil,Mumbai,Certified
1028,2024-04-12,2024-05-16,Tourist,Germany,Tokyo,Certified
1029,2024-07-25,2024-09-24,Tourist,Germany,Mumbai,Denied
1030,2024-05-01,2024-06-14,Work,Germany,Tokyo,Certified
1031,2024-06-26,2024-08-17,Tourist,Nepal,Tokyo,Denied
1032,2024-03-04,2024-04-10,Business,India,Tokyo,Certified
1033,2024-09-23,2024-11-08,Business,Brazil,Mumbai,Denied
1034,2024-04-24,2024-06-03,Work,India,SaoPaulo,Certified
1035,2024-01-25,2024-03-05,Tourist,Nepal,Mumbai,Certified
1036,2024-09-28,2024-11-08,Business,Nigeria,Mumbai,Certified
1037,2024-11-25,2024-12-31,Work,Nigeria,SaoPaulo,Certified
1038,2024-01-06,2024-02-05,Student,Nepal,Mumbai,Certified
1039,2024-06-08,2024-07-24,Tourist,India,Tokyo,Denied
1040,2024-10-28,2024-12-18,Work,Nepal,Delhi,Denied
1041,2024-09-14,2024-10-22,Business,Brazil,Tokyo,Certified
1042,2024-11-08,2024-12-16,Tourist,Germany,SaoPaulo,Certified
1043,2024-05-31,2024-07-04,Tourist,Brazil,Tokyo,Certified
1044,2024-05-15,2024-06-24,Student,Nepal,Berlin,Certified
1045,2024-09-15,2024-10-31,Work,Nigeria,SaoPaulo,Denied
1046,2024-02-26,2024-04-09,Student,India,Mumbai,Certified
1047,2024-03-28,2024-05-15,Student,Nepal,Mumbai,Denied
1048,2024-08-07,2024-09-20,Student,India,Delhi,Certified
1049,2024-08-31,2024-10-22,Tourist,Nigeria,Tokyo,Denied
1050,2024-02-13,2024-03-10,Tourist,Brazil,Tokyo,Certified
1051,2024-07-04,2024-09-01,Tourist,Nigeria,Tokyo,Denied
1052,2024-05-13,2024-06-23,Work,Nigeria,Tokyo,Certified
1053,2024-07-02,2024-08-16,Business,Brazil,Delhi,Denied
1054,2024-12-15,2025-01-16,Student,Japan,Tokyo,Certified
1055,2024-01-28,2024-03-07,Tourist,Japan,Tokyo,Certified
1056,2024-12-29,2025-02-08,Student,India,Mumbai,Certified
1057,2024-06-13,2024-07-30,Business,Japan,Berlin,Denied
1058,2024-10-08,2024-11-11,Tourist,Nepal,SaoPaulo,Certified
1059,2024-06-03,2024-07-29,Student,Nepal,Berlin,Denied
1060,2024-04-23,2024-05-23,Work,Nigeria,Tokyo,Certified
1061,2024-10-08,2024-11-18,Student,India,Berlin,Certified
1062,2024-09-07,2024-10-21,Student,Brazil,Tokyo,Certified
1063,2024-02-22,2024-04-02,Student,Nepal,Tokyo,Certified
1064,2024-09-14,2024-10-26,Student,Brazil,Tokyo,Certified
1065,2024-10-01,2024-11-10,Work,Germany,Tokyo,Certified
1066,2024-05-21,2024-06-23,Work,Japan,SaoPaulo,Certified
1067,2024-12-03,2025-01-17,Tourist,Nepal,Mumbai,Denied
1068,2024-08-21,2024-09-25,Tourist,Nigeria,SaoPaulo,Certified
1069,2024-05-01,2024-06-14,Student,Brazil,Tokyo,Certified
1070,2024-01-04,2024-02-11,Business,Brazil,Berlin,Certified
1071,2024-09-03,2024-10-29,Tourist,Nigeria,Mumbai,Denied
1072,2024-03-17,2024-04-24,Tourist,Japan,Berlin,Certified
1073,2024-10-03,2024-11-10,Work,Brazil,Tokyo,Certified
1074,2024-07-10,2024-08-23,Student,India,Mumbai,Certified
1075,2024-06-19,2024-08-20,Tourist,Japan,Mumbai,Denied
1076,2024-02-29,2024-04-08,Tourist,Japan,SaoPaulo,Certified
1077,2024-09-16,2024-11-02,Work,Nepal,Berlin,Denied
1078,2024-03-01,2024-04-07,Work,Nigeria,Tokyo,Certified
1079,2024-06-01,2024-07-16,Work,Japan,Delhi,Denied
1080,2024-11-01,2024-12-09,Student,Nigeria,Delhi,Certified
1081,2024-12-01,2025-01-02,Work,Brazil,SaoPaulo,Certified
1082,2024-12-27,2025-02-15,Business,Japan,Delhi,Denied
1083,2024-12-15,2025-01-30,Student,Germany,Tokyo,Denied
1084,2024-07-21,2024-09-26,Student,Nigeria,SaoPaulo,Denied
1085,2024-03-14,2024-04-09,Tourist,India,Berlin,Certified
1086,2024-11-02,2024-12-08,Work,Brazil,SaoPaulo,Certified
1087,2024-10-19,2024-12-09,Tourist,Germany,Berlin,Denied
1088,2024-12-27,2025-02-18,Tourist,Nepal,SaoPaulo,Denied
1089,2024-08-25,2024-10-04,Work,Nigeria,Mumbai,Certified
1090,2024-02-21,2024-04-01,Tourist,Nigeria,Berlin,Certified
1091,2024-07-02,2024-08-17,Business,India,Mumbai,Denied
1092,2024-06-12,2024-08-03,Student,Nigeria,Tokyo,Denied
1093,2024-11-03,2024-12-03,Student,Germany,Delhi,Certified
1094,2024-05-23,2024-07-04,Work,Nepal,SaoPaulo,Certified
1095,2024-04-29,2024-05-28,Work,Nigeria,Delhi,Certified
1096,2024-01-30,2024-03-11,Student,Germany,Mumbai,Certified
1097,2024-10-31,2024-12-13,Business,India,Berlin,Certified
1098,2024-10-02,2024-11-11,Business,Nigeria,Delhi,Certified
1099,2024-01-16,2024-02-14,Tourist,Nepal,Berlin,Certified
1100,2024-06-07,2024-08-02,Work,Brazil,SaoPaulo,Denied
1101,2024-06-24,2024-08-11,Student,Nigeria,SaoPaulo,Denied
1102,2024-06-20,2024-07-31,Business,India,Delhi,Certified
1103,2024-12-01,2025-01-11,Student,India,Berlin,Certified
1104,2024-02-24,2024-03-24,Student,Brazil,Berlin,Certified
1105,2024-04-21,2024-05-25,Work,Japan,Delhi,Certified
1106,2024-03-07,2024-04-17,Business,India,Tokyo,Certified
1107,2024-03-30,2024-05-13,Tourist,Germany,Berlin,Certified
1108,2024-11-27,2024-12-27,Work,India,Tokyo,Certified
1109,2024-12-09,2025-01-24,Student,Brazil,Mumbai,Denied
1110,2024-01-17,2024-02-26,Work,Brazil,Mumbai,Certified
1111,2024-08-18,2024-10-09,Work,Brazil,Tokyo,Denied
1112,2024-03-25,2024-05-05,Business,India,Tokyo,Certified
1113,2024-03-11,2024-04-23,Business,Germany,Delhi,Certified
1114,2024-04-16,2024-05-21,Work,Nepal,Mumbai,Certified
1115,2024-03-11,2024-04-16,Work,Germany,Berlin,Certified
1116,2024-06-27,2024-08-01,Business,Nigeria,SaoPaulo,Certified
1117,2024-12-29,2025-02-06,Tourist,Nigeria,Mumbai,Certified
1118,2024-08-02,2024-09-15,Work,Nepal,Mumbai,Certified
1119,2024-09-20,2024-11-05,Business,Nigeria,SaoPaulo,Denied
1120,2024-06-29,2024-08-11,Tourist,Japan,Tokyo,Certified
1121,2024-01-06,2024-03-08,Business,Japan,SaoPaulo,Denied
1122,2024-01-31,2024-02-22,Work,Japan,Tokyo,Certified
1123,2024-04-08,2024-05-27,Student,Nepal,SaoPaulo,Denied
1124,2024-03-29,2024-04-29,Student,Nigeria,Delhi,Certified
1125,2024-11-02,2024-12-01,Student,Brazil,Mumbai,Certified
1126,2024-11-03,2024-12-06,Business,Japan,Mumbai,Certified
1127,2024-11-07,2024-12-06,Business,Japan,Delhi,Certified
1128,2024-08-20,2024-10-01,Business,Japan,Tokyo,Certified
1129,2024-07-22,2024-09-14,Work,India,Tokyo,Denied
1130,2024-08-24,2024-10-05,Tourist,Nepal,Delhi,Certified
1131,2024-05-28,2024-07-06,Business,Germany,Delhi,Certified
1132,2024-09-01,2024-10-24,Tourist,Germany,Delhi,Denied
1133,2024-10-16,2024-11-21,Tourist,Brazil,Berlin,Certified
1134,2024-10-05,2024-11-04,Tourist,India,Berlin,Certified
1135,2024-08-12,2024-09-07,Business,India,Mumbai,Certified
1136,2024-01-22,2024-03-06,Student,Germany,SaoPaulo,Certified
1137,2024-09-21,2024-11-11,Tourist,Brazil,Mumbai,Denied
1138,2024-05-13,2024-06-16,Tourist,Brazil,Berlin,Certified
1139,2024-09-28,2024-11-13,Student,Germany,Berlin,Denied
1140,2024-07-15,2024-08-25,Work,India,Mumbai,Certified
1141,2024-11-17,2024-12-22,Business,Germany,SaoPaulo,Certified
1142,2024-05-03,2024-06-14,Work,Nepal,SaoPaulo,Certified
1143,2024-12-05,2025-01-13,Work,Japan,Delhi,Certified
1144,2024-11-04,2024-12-18,Business,Japan,Berlin,Certified
1145,2024-04-30,2024-05-31,Business,Nigeria,Delhi,Certified
1146,2024-06-25,2024-08-13,Student,Nepal,Berlin,Denied
1147,2024-07-12,2024-09-02,Business,Nepal,Tokyo,Denied
1148,2024-10-07,2024-11-23,Work,Nepal,Berlin,Denied
1149,2024-09-08,2024-10-28,Business,Japan,Mumbai,Denied
1150,2024-11-06,2024-12-13,Tourist,Nepal,Mumbai,Certified
1151,2024-05-15,2024-06-16,Tourist,Brazil,Mumbai,Certified
1152,2024-07-03,2024-08-12,Business,Brazil,Mumbai,Certified
1153,2024-06-06,2024-07-26,Work,Germany,Mumbai,Denied
1154,2024-11-27,2024-12-30,Tourist,Japan,Tokyo,Certified
1155,2024-04-21,2024-05-30,Business,Nigeria,Delhi,Certified
1156,2024-08-02,2024-09-17,Tourist,Germany,Delhi,Denied
1157,2024-02-13,2024-03-15,Work,Nigeria,Berlin,Certified
1158,2024-11-06,2024-12-15,Tourist,Brazil,Tokyo,Certified
1159,2024-05-20,2024-07-08,Tourist,India,Mumbai,Denied
1160,2024-05-04,2024-06-05,Business,Nepal,Mumbai,Certified
1161,2024-07-31,2024-09-12,Business,Brazil,Tokyo,Certified
1162,2024-07-01,2024-08-09,Tourist,India,Mumbai,Certified
1163,2024-11-05,2024-12-18,Tourist,Nepal,Tokyo,Certified
1164,2024-07-12,2024-09-01,Work,Brazil,Delhi,Denied
1165,2024-07-07,2024-08-29,Tourist,Brazil,Delhi,Denied
1166,2024-02-08,2024-03-19,Work,Germany,Berlin,Certified
1167,2024-01-09,2024-02-08,Business,Japan,Mumbai,Certified
1168,2024-05-25,2024-07-05,Business,Germany,Tokyo,Certified
1169,2024-12-30,2025-02-17,Tourist,India,Berlin,Denied
1170,2024-11-30,2025-01-11,Tourist,Brazil,Mumbai,Certified
1171,2024-08-17,2024-10-08,Work,Germany,Delhi,Denied
1172,2024-08-18,2024-09-29,Tourist,Nigeria,Delhi,Certified
1173,2024-05-22,2024-07-08,Work,Brazil,Tokyo,Denied
1174,2024-03-05,2024-04-06,Student,Brazil,Mumbai,Certified
1175,2024-01-04,2024-02-11,Work,Brazil,Berlin,Certified
1176,2024-05-03,2024-06-08,Tourist,Nigeria,SaoPaulo,Certified
1177,2024-04-25,2024-06-03,Business,Nepal,SaoPaulo,Certified
1178,2024-03-10,2024-04-25,Work,Nigeria,Mumbai,Denied
1179,2024-04-04,2024-05-18,Tourist,Nepal,Delhi,Certified
1180,2024-01-10,2024-02-29,Student,Germany,Tokyo,Denied
1181,2024-08-09,2024-10-14,Tourist,Japan,Tokyo,Denied
1182,2024-12-04,2025-01-16,Student,Nigeria,Mumbai,Certified
1183,2024-09-09,2024-10-21,Student,Brazil,Berlin,Certified
1184,2024-06-12,2024-07-29,Tourist,Japan,Delhi,Denied
1185,2024-06-02,2024-07-19,Work,Nigeria,Tokyo,Denied
1186,2024-04-22,2024-06-01,Work,Brazil,Tokyo,Certified
1187,2024-02-21,2024-03-26,Tourist,India,Mumbai,Certified
1188,2024-08-06,2024-09-15,Tourist,India,Berlin,Certified
1189,2024-07-25,2024-09-08,Tourist,Nepal,Mumbai,Denied
1190,2024-01-03,2024-02-03,Work,Nepal,Delhi,Certified
1191,2024-05-31,2024-07-12,Student,Germany,Delhi,Certified
1192,2024-04-11,2024-05-13,Tourist,Nigeria,SaoPaulo,Certified
1193,2024-03-03,2024-04-28,Tourist,Japan,Berlin,Denied
1194,2024-09-13,2024-10-24,Business,Nigeria,Delhi,Certified
1195,2024-07-10,2024-08-28,Student,Japan,Delhi,Denied
1196,2024-08-19,2024-09-25,Work,Nigeria,Mumbai,Certified
1197,2024-09-17,2024-11-13,Student,Brazil,SaoPaulo,Denied
1198,2024-12-24,2025-02-12,Tourist,Germany,Mumbai,Denied
1199,2024-10-20,2024-11-27,Student,Brazil,SaoPaulo,Certified
1200,2024-08-14,2024-09-23,Tourist,Nepal,Berlin,Certified
